estacion;servicio;coordenadas
Chimpu Ocllo;BRT;(-11.89639, -77.03741)
Los Incas;BRT;(-11.91545, -77.04804)
Andrés Belaunde;BRT;(-11.93505, -77.0564)
22 de Agosto;BRT;(-11.94664, -77.06059)
Las Vegas;BRT;(-11.95488, -77.05992)
Universidad;BRT;(-11.96278, -77.06232)
Naranjal;BRT;(-11.98212, -77.05874)
Izaguirre;BRT;(-11.98956, -77.05696)
Pacífico;BRT;(-11.99489, -77.05597)
Independencia;BRT;(-11.9985, -77.05525)
Los Jazmines;BRT;(-12.00193, -77.05478)
Tomás Valle;BRT;(-12.00614, -77.05405)
El Milagro;BRT;(-12.01169, -77.05286)
Honorio Delgado;BRT;(-12.01758, -77.0515)
UNI;BRT;(-12.02419, -77.04887)
Parque del Trabajo;BRT;(-12.02958, -77.04425)
Caquetá;BRT;(-12.0363, -77.04367)
2 de Mayo;BRT;(-12.04649, -77.04276)
Quilca;BRT;(-12.05193, -77.04229)
España;BRT;(-12.05777, -77.04173)
Ramón Castilla;BRT;(-12.04398, -77.04147)
Tacna;BRT;(-12.04656, -77.03714)
Jirón de la Unión;BRT;(-12.04917, -77.03289)
Colmena;BRT;(-12.05239, -77.0329)
Estación Central;BRT;(-12.05771, -77.03588)
Estadio Nacional;BRT;(-12.06886, -77.03199)
México;BRT;(-12.07662, -77.02897)
Canadá;BRT;(-12.08224, -77.02667)
Javier Prado;BRT;(-12.08928, -77.02354)
Canaval y Moreyra;BRT;(-12.0963, -77.02483)
Comunidad Andina/Aramburú;BRT;(-12.10228, -77.02724)
Domingo Orué;BRT;(-12.1081, -77.02651)
Angamos;BRT;(-12.11301, -77.02601)
Ricardo Palma;BRT;(-12.11877, -77.02593)
Benavides;BRT;(-12.12481, -77.02427)
28 de Julio;BRT;(-12.12941, -77.02282)
Plaza de Flores;BRT;(-12.13568, -77.01868)
Balta;BRT;(-12.14115, -77.01774)
Bulevar;BRT;(-12.1484, -77.02014)
Estadio Unión;BRT;(-12.15285, -77.01971)
Escuela Militar;BRT;(-12.15947, -77.0189)
Fernando Terán;BRT;(-12.16881, -77.01859)
Rosario de Villa;BRT;(-12.17272, -77.01541)
Matellini;BRT;(-12.17895, -77.00993)
Villa El Salvador;L1;(-12.207291133469997, -76.93360671401024)
Parque Industrial;L1;(-12.196511052959696, -76.93944320082664)
Pumacahua;L1;(-12.18232482670772, -76.94688498973846)
Villa María;L1;(-12.169290186006762, -76.9503504037857)
María Auxiliadora;L1;(-12.16119089872191, -76.95633441209793)
San Juan;L1;(-12.156502690902522, -76.96568459272385)
Atocongo;L1;(-12.150852084524784, -76.97953552007675)
Jorge Chávez;L1;(-12.142537215398118, -76.99098855257034)
Ayacucho;L1;(-12.134754409500157, -76.9970154762268)
Cabitos;L1;(-12.127687277979916, -77.00062572956085)
Angamos;L1;(-12.111084682396857, -77.0002743601799)
San Borja Sur;L1;(-12.100968157748333, -77.00169190764427)
La Cultura;L1;(-12.087479736764962, -77.00367875397205)
Arriola;L1;(-12.077540672115926, -77.01064109802246)
Gamarra;L1;(-12.06513697835038, -77.01241135597229)
Grau;L1;(-12.05648762614546, -77.01433651149273)
El Ángel;L1;(-12.0462158, -77.009676)
Presbítero Maestro;L1;(-12.0416683, -77.0124116)
Caja de Agua;L1;(-12.0280274, -77.0114031)
Pirámides del Sol;L1;(-12.018153, -77.0028844)
Los Jardines;L1;(-12.0065782, -77.0062425)
Los Postes;L1;(-11.9979038, -77.0096896)
San Carlos;L1;(-11.9851938, -77.0065139)
San Martín;L1;(-11.9749367, -76.9999081)
Santa Rosa;L1;(-11.9682363, -76.9934924)
Bayóvar;L1;(-11.9598812, -76.9871422)
Municipalidad de Ate;L2;(-12.02599, -76.91979)
Javier Prado;L2;(-12.032, -76.92671)
Vista Alegre;L2;(-12.03788, -76.9316)
Mercado Santa Anita;L2;(-12.04408, -76.93869)
Hermilio Valdizán;L2;(-12.0473, -76.94669)
Colectora Industrial;L2;(-12.05117, -76.95633)
Óvalo Santa Anita;L2;(-12.05425, -76.96402)
Evitamiento;L2;(-12.05846, -76.97404)
San Juan de Dios;L2;(-12.06335, -76.98357)
Circunvalación;L2;(-12.06349, -77.00035)
Nicolas Ayllón;L2;(-12.06028, -77.00712)
28 de julio;L2;(-12.06101, -77.01332)
Cangallo;L2;(-12.06207, -77.02116)
Plaza Manco Capac;L2;(-12.06322, -77.02987)
Estación Central;L2;(-12.06049, -77.03507)
Plaza Bolognesi;L2;(-12.0604, -77.04144)
Parque Murillo;L2;(-12.05709, -77.05186)
Tingo María;L2;(-12.0555, -77.0574)
La Alborada;L2;(-12.05751, -77.0667)
Elio;L2;(-12.05865, -77.07323)
San Marcos;L2;(-12.05556, -77.0815)
Oscar Benavides;L2;(-12.05214, -77.08964)
Carmen de la Legua;L2;(-12.0535, -77.09816)
Insurgentes;L2;(-12.05499, -77.10587)
Juan Pablo II;L2;(-12.0568, -77.11485)
Buenos Aires;L2;(-12.05921, -77.12763)
Puerto Callao;L2;(-12.05238, -77.13899)
Pedro Miotta;L3;(-12.15726, -76.98121)
Los Heroes;L3;(-12.14803, -76.98265)
Las Gardenias;L3;(-12.13168, -76.97854)
Alejandro Velasco;L3;(-12.12779, -76.98764)
Cabitos;L3;(-12.12894, -77.0009)
Juana Alarco;L3;(-12.12753, -77.0097)
Panamá;L3;(-12.12631, -77.01788)
Parque Reducto;L3;(-12.12539, -77.02383)
Parque Central de Miraflores;L3;(-12.12071, -77.02915)
Huaca Pucllana;L3;(-12.11162, -77.03025)
Andrés Aramburú;L3;(-12.10361, -77.0316)
Conde de San Isidro;L3;(-12.09231, -77.03336)
Cesar Canevaro;L3;(-12.08347, -77.03473)
Museo de Historia Natural;L3;(-12.07662, -77.03566)
Parque de la Reserva;L3;(-12.06936, -77.03671)
Estación Central;L3;(-12.05983, -77.03784)
Garcilaso de la Vega;L3;(-12.05099, -77.03873)
Tacna;L3;(-12.04639, -77.03752)
Caquetá;L3;(-12.03696, -77.04207)
Jose Granda;L3;(-12.02876, -77.05801)
Bartolome de las Casas;L3;(-12.01547, -77.06005)
Tomas Valle;L3;(-12.00796, -77.06138)
Carlos Izaguirre;L3;(-11.98993, -77.06405)
Naranjal;L3;(-11.97722, -77.06606)
Villa Sol;L3;(-11.96217, -77.06844)
3 de Octubre;L3;(-11.94535, -77.07104)
Huandoy;L3;(-11.93758, -77.07171)
EL Alamo;L3;(-11.92465, -77.06393)
Mercado Santa Anita;L4;(-12.04421, -76.93783)
Estadio Monumental;L4;(-12.05395, -76.93806)
Santa Patricia;L4;(-12.06882, -76.94857)
La Molina;L4;(-12.07153, -76.95668)
Los Frutales;L4;(-12.07555, -76.96368)
Manuel Olguin;L4;(-12.08388, -76.97338)
Monterrico;L4;(-12.08515, -76.98455)
San Luis;L4;(-12.08701, -76.99661)
La Cultura;L4;(-12.08804, -77.00355)
Pablo Carriquirry;L4;(-12.0903, -77.01916)
Javier Prado;L4;(-12.09074, -77.02269)
Conde de San Isidro;L4;(-12.09229, -77.03362)
Las Palmeras;L4;(-12.09301, -77.03866)
Guillermo Prescott;L4;(-12.09423, -77.04734)
Felipe Salaverry;L4;(-12.09462, -77.05079)
Brasil;L4;(-12.08645, -77.06317)
José de Sucre;L4;(-12.08303, -77.06741)
Pando;L4;(-12.07832, -77.08073)
Rafael Escando;L4;(-12.07736, -77.09342)
Venezuela;L4;(-12.06252, -77.09724)
Carmen de la Legua;L4;(-12.05311, -77.09811)
Morales Duárez;L4;(-12.04027, -77.09917)
Quilca;L4;(-12.03588, -77.09939)
El Olivar;L4;(-12.02806, -77.10288)
Aeropuerto;L4;(-12.02196, -77.1061)
Bocanegra;L4;(-12.01205, -77.11092)
Canta Callao;L4;(-12.00101, -77.11678)
Gambetta;L4;(-11.99695, -77.12593)
Villa Panamericana;L5;(-12.20624, -76.95401)
Almacenes;L5;(-12.21214, -76.96376)
Panamericana Sur;L5;(-12.2059, -76.97481)
Santa Isabel;L5;(-12.19673, -76.97837)
San Martin;L5;(-12.18786, -76.98831)
Guardia Civil;L5;(-12.17853, -76.99587)
Los Asteroides;L5;(-12.16798, -76.99863)
Sagitario;L5;(-12.16017, -76.99443)
Las Palmas;L5;(-12.15074, -77.00616)
Rossevelt;L5;(-12.14709, -77.01171)
Balta;L5;(-12.14171, -77.01774)
Ramon Castilla;L5;(-12.13379, -77.01789)
Benavides;L5;(-12.12614, -77.01814)
Angamos;L5;(-12.11284, -77.01843)
Atarjea;L6;(-12.02474, -76.96643)
Los Chancas;L6;(-12.03716, -76.96271)
Universidad;L6;(-12.04374, -76.96988)
Santa Anita;L6;(-12.05516, -76.96443)
Parque de los Anillos;L6;(-12.06979, -76.97252)
UPC;L6;(-12.10344, -76.96318)
Javier Prado;L6;(-12.08233, -76.97041)
Derby;L6;(-12.09657, -76.97351)
La Encalada;L6;(-12.10982, -76.97285)
Panamericana Sur;L6;(-12.11023, -76.97821)
Velasco Astete;L6;(-12.11067, -76.98456)
Caminos del Inca;L6;(-12.11125, -76.99375)
Primavera;L6;(-12.11171, -77.00051)
La Calera;L6;(-12.11241, -77.01049)
Mercado Surquillo;L6;(-12.11339, -77.0249)
Huaca Pucllana;L6;(-12.11382, -77.02974)
Comandante Espinar;L6;(-12.11408, -77.03699)
Pardo;L6;(-12.11319, -77.04849)
Cuartel San Martin;L6;(-12.10879, -77.05295)
Ejercito;L6;(-12.09797, -77.0694)
Parque Media Luna;L6;(-12.09214, -77.07989)
Lima;L6;(-12.0869, -77.08379)
Pando;L6;(-12.07779, -77.08128)
PUCP;L6;(-12.06849, -77.07777)
San Marcos;L6;(-12.05557, -77.08074)
Argentina;L6;(-12.04652, -77.07682)
Peru;L6;(-12.03186, -77.07755)
José Granda;L6;(-12.02615, -77.07542)
San German;L6;(-12.01928, -77.07632)
Tomas Valle;L6;(-12.01268, -77.07982)
Angelica Gamarra;L6;(-12.00657, -77.0825)
Santiago Antunez de Mayolo;L6;(-11.99653, -77.08469)
Los Olivos;L6;(-11.98862, -77.08099)
Los Alisos;L6;(-11.9838, -77.07219)
Canta;L6;(-11.97376, -77.0879)
Chiquitanta;L6;(-11.96148, -77.09916)
200 millas;L7;(-11.99619, -77.12607)
Carlos Izaguirre;L7;(-11.98881, -77.12549)
Manuel Mujica;L7;(-11.98215, -77.12518)
Orquendo;L7;(-11.97777, -77.12503)
California;L7;(-11.97242, -77.12506)
Los Alisos;L7;(-11.96409, -77.12679)
Las Brisas;L7;(-11.95916, -77.12841)
Oceanica;L7;(-11.95168, -77.13096)
Miramar;L7;(-11.94406, -77.13144)
Chillón;L7;(-11.93612, -77.13077)
Castillo El Palmo;L7;(-11.92314, -77.1294)
Petrolera;L7;(-11.9089, -77.12868)
Heroes del Cenepa;L7;(-11.89528, -77.12663)
Ventanilla;L7;(-11.88674, -77.12598)
Municipalidad;L7;(-11.87769, -77.12674)
Villamoto;L7;(-11.86659, -77.12835)
Mi Peru;L7;(-11.85566, -77.13)
Jose María Arguedas;L7;(-11.84765, -77.11964)
Panamericana Norte;L7;(-11.83761, -77.111)
Villa Los Reyes;L7;(-11.82911, -77.1191)
Marko Jara Shenone;L7;(-11.81464, -77.12859)
Señor de los Milagros;L7;(-11.79905, -77.14012)
Santa Rosa;L7;(-11.78524, -77.15435)
Ancón;L7;(-11.77603, -77.16374)
Miguel Grau;L8;(-12.05866, -77.03526)
Parque Universitario;L8;(-12.05469, -77.03038)
Centro de Lima;L8;(-12.04799, -77.0269)
Tacna;L8;(-12.0396, -77.0311)
Alcázar;L8;(-12.0318, -77.02794)
Santa Rosa;L8;(-12.02888, -77.0187)
Caja de Agua;L8;(-12.02847, -77.01138)
Piramide del Sol;L8;(-12.0257, -77.00181)
Las Lomas;L8;(-12.02438, -76.99144)
Fortaleza de Campoy;L8;(-12.02497, -76.98134)
Atarjea;L8;(-12.02409, -76.96697)
Alcázar;L9;(-12.03147, -77.02845)
La Florida;L9;(-12.02368, -77.03716)
UNI;L9;(-12.01593, -77.0518)
Tomas Valle;L9;(-12.00879, -77.06255)
Universitaria;L9;(-12.01265, -77.07932)
Beta;L9;(-12.01096, -77.07051)
Condor;L9;(-12.01335, -77.09502)
Aeropuerto;L9;(-12.02158, -77.10507)
Gambetta;L9;(-12.04265, -77.11604)
Argentina;L9;(-12.04982, -77.11531)
Oscar Benavides;L9;(-12.05755, -77.11471)
La Perla;L9;(-12.06464, -77.11878)
Haya de la Torre;L9;(-12.07017, -77.10947)
La Marina;L9;(-12.07426, -77.09962)