GTFS Stop ID,Station Name,Line,Stop Sequence,Mode,Structure,GTFS Latitude,GTFS Longitude,Density Workday,Density Workday Night,Density Holiday Day,Density Holiday Night,lat,lon,geometry_wkt
LIM-0001,Chimpu Ocllo,BRT,1,Sub,At Grade,-11.89639,-77.03741,0,0,0,0,-11.89639,-77.03741,POINT (-77.03741 -11.89639)
LIM-0002,Los Incas,BRT,2,Sub,At Grade,-11.91545,-77.04804,0,0,0,0,-11.91545,-77.04804,POINT (-77.04804 -11.91545)
LIM-0003,Andrés Belaunde,BRT,3,Sub,At Grade,-11.93505,-77.0564,0,0,0,0,-11.93505,-77.0564,POINT (-77.0564 -11.93505)
LIM-0004,22 de Agosto,BRT,4,Sub,At Grade,-11.94664,-77.06059,0,0,0,0,-11.94664,-77.06059,POINT (-77.06059 -11.94664)
LIM-0005,Las Vegas,BRT,5,Sub,At Grade,-11.95488,-77.05992,0,0,0,0,-11.95488,-77.05992,POINT (-77.05992 -11.95488)
LIM-0006,Universidad,BRT,6,Sub,At Grade,-11.96278,-77.06232,0,0,0,0,-11.96278,-77.06232,POINT (-77.06232 -11.96278)
LIM-0007,Naranjal,BRT,7,Sub,At Grade,-11.98212,-77.05874,0,0,0,0,-11.98212,-77.05874,POINT (-77.05874 -11.98212)
LIM-0008,Izaguirre,BRT,8,Sub,At Grade,-11.98956,-77.05696,0,0,0,0,-11.98956,-77.05696,POINT (-77.05696 -11.98956)
LIM-0009,Pacífico,BRT,9,Sub,At Grade,-11.99489,-77.05597,0,0,0,0,-11.99489,-77.05597,POINT (-77.05597 -11.99489)
LIM-0010,Independencia,BRT,10,Sub,At Grade,-11.9985,-77.05525,0,0,0,0,-11.9985,-77.05525,POINT (-77.05525 -11.9985)
LIM-0011,Los Jazmines,BRT,11,Sub,At Grade,-12.00193,-77.05478,0,0,0,0,-12.00193,-77.05478,POINT (-77.05478 -12.00193)
LIM-0012,Tomás Valle,BRT,12,Sub,At Grade,-12.00614,-77.05405,0,0,0,0,-12.00614,-77.05405,POINT (-77.05405 -12.00614)
LIM-0013,El Milagro,BRT,13,Sub,At Grade,-12.01169,-77.05286,0,0,0,0,-12.01169,-77.05286,POINT (-77.05286 -12.01169)
LIM-0014,Honorio Delgado,BRT,14,Sub,At Grade,-12.01758,-77.0515,0,0,0,0,-12.01758,-77.0515,POINT (-77.0515 -12.01758)
LIM-0015,UNI,BRT,15,Sub,At Grade,-12.02419,-77.04887,0,0,0,0,-12.02419,-77.04887,POINT (-77.04887 -12.02419)
LIM-0016,Parque del Trabajo,BRT,16,Sub,At Grade,-12.02958,-77.04425,0,0,0,0,-12.02958,-77.04425,POINT (-77.04425 -12.02958)
LIM-0017,Caquetá,BRT,17,Sub,At Grade,-12.0363,-77.04367,0,0,0,0,-12.0363,-77.04367,POINT (-77.04367 -12.0363)
LIM-0018,2 de Mayo,BRT,18,Sub,At Grade,-12.04649,-77.04276,0,0,0,0,-12.04649,-77.04276,POINT (-77.04276 -12.04649)
LIM-0019,Quilca,BRT,19,Sub,At Grade,-12.05193,-77.04229,0,0,0,0,-12.05193,-77.04229,POINT (-77.04229 -12.05193)
LIM-0020,España,BRT,20,Sub,At Grade,-12.05777,-77.04173,0,0,0,0,-12.05777,-77.04173,POINT (-77.04173 -12.05777)
LIM-0021,Ramón Castilla,BRT,21,Sub,At Grade,-12.04398,-77.04147,0,0,0,0,-12.04398,-77.04147,POINT (-77.04147 -12.04398)
LIM-0022,Tacna,BRT,22,Sub,At Grade,-12.04656,-77.03714,0,0,0,0,-12.04656,-77.03714,POINT (-77.03714 -12.04656)
LIM-0023,Jirón de la Unión,BRT,23,Sub,At Grade,-12.04917,-77.03289,0,0,0,0,-12.04917,-77.03289,POINT (-77.03289 -12.04917)
LIM-0024,Colmena,BRT,24,Sub,At Grade,-12.05239,-77.0329,0,0,0,0,-12.05239,-77.0329,POINT (-77.0329 -12.05239)
LIM-0025,Estación Central,BRT,25,Sub,At Grade,-12.05771,-77.03588,0,0,0,0,-12.05771,-77.03588,POINT (-77.03588 -12.05771)
LIM-0026,Estadio Nacional,BRT,26,Sub,At Grade,-12.06886,-77.03199,0,0,0,0,-12.06886,-77.03199,POINT (-77.03199 -12.06886)
LIM-0027,México,BRT,27,Sub,At Grade,-12.07662,-77.02897,0,0,0,0,-12.07662,-77.02897,POINT (-77.02897 -12.07662)
LIM-0028,Canadá,BRT,28,Sub,At Grade,-12.08224,-77.02667,0,0,0,0,-12.08224,-77.02667,POINT (-77.02667 -12.08224)
LIM-0029,Javier Prado,BRT,29,Sub,At Grade,-12.08928,-77.02354,0,0,0,0,-12.08928,-77.02354,POINT (-77.02354 -12.08928)
LIM-0030,Canaval y Moreyra,BRT,30,Sub,At Grade,-12.0963,-77.02483,0,0,0,0,-12.0963,-77.02483,POINT (-77.02483 -12.0963)
LIM-0031,Comunidad Andina/Aramburú,BRT,31,Sub,At Grade,-12.10228,-77.02724,0,0,0,0,-12.10228,-77.02724,POINT (-77.02724 -12.10228)
LIM-0032,Domingo Orué,BRT,32,Sub,At Grade,-12.1081,-77.02651,0,0,0,0,-12.1081,-77.02651,POINT (-77.02651 -12.1081)
LIM-0033,Angamos,BRT,33,Sub,At Grade,-12.11301,-77.02601,0,0,0,0,-12.11301,-77.02601,POINT (-77.02601 -12.11301)
LIM-0034,Ricardo Palma,BRT,34,Sub,At Grade,-12.11877,-77.02593,0,0,0,0,-12.11877,-77.02593,POINT (-77.02593 -12.11877)
LIM-0035,Benavides,BRT,35,Sub,At Grade,-12.12481,-77.02427,0,0,0,0,-12.12481,-77.02427,POINT (-77.02427 -12.12481)
LIM-0036,28 de Julio,BRT,36,Sub,At Grade,-12.12941,-77.02282,0,0,0,0,-12.12941,-77.02282,POINT (-77.02282 -12.12941)
LIM-0037,Plaza de Flores,BRT,37,Sub,At Grade,-12.13568,-77.01868,0,0,0,0,-12.13568,-77.01868,POINT (-77.01868 -12.13568)
LIM-0038,Balta,BRT,38,Sub,At Grade,-12.14115,-77.01774,0,0,0,0,-12.14115,-77.01774,POINT (-77.01774 -12.14115)
LIM-0039,Bulevar,BRT,39,Sub,At Grade,-12.1484,-77.02014,0,0,0,0,-12.1484,-77.02014,POINT (-77.02014 -12.1484)
LIM-0040,Estadio Unión,BRT,40,Sub,At Grade,-12.15285,-77.01971,0,0,0,0,-12.15285,-77.01971,POINT (-77.01971 -12.15285)
LIM-0041,Escuela Militar,BRT,41,Sub,At Grade,-12.15947,-77.0189,0,0,0,0,-12.15947,-77.0189,POINT (-77.0189 -12.15947)
LIM-0042,Fernando Terán,BRT,42,Sub,At Grade,-12.16881,-77.01859,0,0,0,0,-12.16881,-77.01859,POINT (-77.01859 -12.16881)
LIM-0043,Rosario de Villa,BRT,43,Sub,At Grade,-12.17272,-77.01541,0,0,0,0,-12.17272,-77.01541,POINT (-77.01541 -12.17272)
LIM-0044,Matellini,BRT,44,Sub,At Grade,-12.17895,-77.00993,0,0,0,0,-12.17895,-77.00993,POINT (-77.00993 -12.17895)
LIM-0045,Villa El Salvador,L1,1,Sub,At Grade,-12.207291133469996,-76.93360671401024,0,0,0,0,-12.207291133469996,-76.93360671401024,POINT (-76.93360671401024 -12.207291133469996)
LIM-0046,Parque Industrial,L1,2,Sub,At Grade,-12.196511052959696,-76.93944320082664,0,0,0,0,-12.196511052959696,-76.93944320082664,POINT (-76.93944320082664 -12.196511052959696)
LIM-0047,Pumacahua,L1,3,Sub,At Grade,-12.18232482670772,-76.94688498973846,0,0,0,0,-12.18232482670772,-76.94688498973846,POINT (-76.94688498973846 -12.18232482670772)
LIM-0048,Villa María,L1,4,Sub,At Grade,-12.169290186006762,-76.9503504037857,0,0,0,0,-12.169290186006762,-76.9503504037857,POINT (-76.9503504037857 -12.169290186006762)
LIM-0049,María Auxiliadora,L1,5,Sub,At Grade,-12.16119089872191,-76.95633441209793,0,0,0,0,-12.16119089872191,-76.95633441209793,POINT (-76.95633441209793 -12.16119089872191)
LIM-0050,San Juan,L1,6,Sub,At Grade,-12.156502690902522,-76.96568459272385,0,0,0,0,-12.156502690902522,-76.96568459272385,POINT (-76.96568459272385 -12.156502690902522)
LIM-0051,Atocongo,L1,7,Sub,At Grade,-12.150852084524784,-76.97953552007675,0,0,0,0,-12.150852084524784,-76.97953552007675,POINT (-76.97953552007675 -12.150852084524784)
LIM-0052,Jorge Chávez,L1,8,Sub,At Grade,-12.142537215398118,-76.99098855257034,0,0,0,0,-12.142537215398118,-76.99098855257034,POINT (-76.99098855257034 -12.142537215398118)
LIM-0053,Ayacucho,L1,9,Sub,At Grade,-12.134754409500156,-76.9970154762268,0,0,0,0,-12.134754409500156,-76.9970154762268,POINT (-76.9970154762268 -12.134754409500156)
LIM-0054,Cabitos,L1,10,Sub,At Grade,-12.127687277979916,-77.00062572956085,0,0,0,0,-12.127687277979916,-77.00062572956085,POINT (-77.00062572956085 -12.127687277979916)
LIM-0055,Angamos,L1,11,Sub,At Grade,-12.111084682396855,-77.0002743601799,0,0,0,0,-12.111084682396855,-77.0002743601799,POINT (-77.0002743601799 -12.111084682396855)
LIM-0056,San Borja Sur,L1,12,Sub,At Grade,-12.100968157748332,-77.00169190764427,0,0,0,0,-12.100968157748332,-77.00169190764427,POINT (-77.00169190764427 -12.100968157748332)
LIM-0057,La Cultura,L1,13,Sub,At Grade,-12.087479736764962,-77.00367875397205,0,0,0,0,-12.087479736764962,-77.00367875397205,POINT (-77.00367875397205 -12.087479736764962)
LIM-0058,Arriola,L1,14,Sub,At Grade,-12.077540672115926,-77.01064109802246,0,0,0,0,-12.077540672115926,-77.01064109802246,POINT (-77.01064109802246 -12.077540672115926)
LIM-0059,Gamarra,L1,15,Sub,At Grade,-12.06513697835038,-77.01241135597229,0,0,0,0,-12.06513697835038,-77.01241135597229,POINT (-77.01241135597229 -12.06513697835038)
LIM-0060,Grau,L1,16,Sub,At Grade,-12.05648762614546,-77.01433651149273,0,0,0,0,-12.05648762614546,-77.01433651149273,POINT (-77.01433651149273 -12.05648762614546)
LIM-0061,El Ángel,L1,17,Sub,At Grade,-12.0462158,-77.009676,0,0,0,0,-12.0462158,-77.009676,POINT (-77.009676 -12.0462158)
LIM-0062,Presbítero Maestro,L1,18,Sub,At Grade,-12.0416683,-77.0124116,0,0,0,0,-12.0416683,-77.0124116,POINT (-77.0124116 -12.0416683)
LIM-0063,Caja de Agua,L1,19,Sub,At Grade,-12.0280274,-77.0114031,0,0,0,0,-12.0280274,-77.0114031,POINT (-77.0114031 -12.0280274)
LIM-0064,Pirámides del Sol,L1,20,Sub,At Grade,-12.018153,-77.0028844,0,0,0,0,-12.018153,-77.0028844,POINT (-77.0028844 -12.018153)
LIM-0065,Los Jardines,L1,21,Sub,At Grade,-12.0065782,-77.0062425,0,0,0,0,-12.0065782,-77.0062425,POINT (-77.0062425 -12.0065782)
LIM-0066,Los Postes,L1,22,Sub,At Grade,-11.9979038,-77.0096896,0,0,0,0,-11.9979038,-77.0096896,POINT (-77.0096896 -11.9979038)
LIM-0067,San Carlos,L1,23,Sub,At Grade,-11.9851938,-77.0065139,0,0,0,0,-11.9851938,-77.0065139,POINT (-77.0065139 -11.9851938)
LIM-0068,San Martín,L1,24,Sub,At Grade,-11.9749367,-76.9999081,0,0,0,0,-11.9749367,-76.9999081,POINT (-76.9999081 -11.9749367)
LIM-0069,Santa Rosa,L1,25,Sub,At Grade,-11.9682363,-76.9934924,0,0,0,0,-11.9682363,-76.9934924,POINT (-76.9934924 -11.9682363)
LIM-0070,Bayóvar,L1,26,Sub,At Grade,-11.9598812,-76.9871422,0,0,0,0,-11.9598812,-76.9871422,POINT (-76.9871422 -11.9598812)
LIM-0071,Municipalidad de Ate,L2,1,Sub,At Grade,-12.02599,-76.91979,0,0,0,0,-12.02599,-76.91979,POINT (-76.91979 -12.02599)
LIM-0072,Javier Prado,L2,2,Sub,At Grade,-12.032,-76.92671,0,0,0,0,-12.032,-76.92671,POINT (-76.92671 -12.032)
LIM-0073,Vista Alegre,L2,3,Sub,At Grade,-12.03788,-76.9316,0,0,0,0,-12.03788,-76.9316,POINT (-76.9316 -12.03788)
LIM-0074,Mercado Santa Anita,L2,4,Sub,At Grade,-12.04408,-76.93869,0,0,0,0,-12.04408,-76.93869,POINT (-76.93869 -12.04408)
LIM-0075,Hermilio Valdizán,L2,5,Sub,At Grade,-12.0473,-76.94669,0,0,0,0,-12.0473,-76.94669,POINT (-76.94669 -12.0473)
LIM-0076,Colectora Industrial,L2,6,Sub,At Grade,-12.05117,-76.95633,0,0,0,0,-12.05117,-76.95633,POINT (-76.95633 -12.05117)
LIM-0077,Óvalo Santa Anita,L2,7,Sub,At Grade,-12.05425,-76.96402,0,0,0,0,-12.05425,-76.96402,POINT (-76.96402 -12.05425)
LIM-0078,Evitamiento,L2,8,Sub,At Grade,-12.05846,-76.97404,0,0,0,0,-12.05846,-76.97404,POINT (-76.97404 -12.05846)
LIM-0079,San Juan de Dios,L2,9,Sub,At Grade,-12.06335,-76.98357,0,0,0,0,-12.06335,-76.98357,POINT (-76.98357 -12.06335)
LIM-0080,Circunvalación,L2,10,Sub,At Grade,-12.06349,-77.00035,0,0,0,0,-12.06349,-77.00035,POINT (-77.00035 -12.06349)
LIM-0081,Nicolas Ayllón,L2,11,Sub,At Grade,-12.06028,-77.00712,0,0,0,0,-12.06028,-77.00712,POINT (-77.00712 -12.06028)
LIM-0082,28 de julio,L2,12,Sub,At Grade,-12.06101,-77.01332,0,0,0,0,-12.06101,-77.01332,POINT (-77.01332 -12.06101)
LIM-0083,Cangallo,L2,13,Sub,At Grade,-12.06207,-77.02116,0,0,0,0,-12.06207,-77.02116,POINT (-77.02116 -12.06207)
LIM-0084,Plaza Manco Capac,L2,14,Sub,At Grade,-12.06322,-77.02987,0,0,0,0,-12.06322,-77.02987,POINT (-77.02987 -12.06322)
LIM-0085,Estación Central,L2,15,Sub,At Grade,-12.06049,-77.03507,0,0,0,0,-12.06049,-77.03507,POINT (-77.03507 -12.06049)
LIM-0086,Plaza Bolognesi,L2,16,Sub,At Grade,-12.0604,-77.04144,0,0,0,0,-12.0604,-77.04144,POINT (-77.04144 -12.0604)
LIM-0087,Parque Murillo,L2,17,Sub,At Grade,-12.05709,-77.05186,0,0,0,0,-12.05709,-77.05186,POINT (-77.05186 -12.05709)
LIM-0088,Tingo María,L2,18,Sub,At Grade,-12.0555,-77.0574,0,0,0,0,-12.0555,-77.0574,POINT (-77.0574 -12.0555)
LIM-0089,La Alborada,L2,19,Sub,At Grade,-12.05751,-77.0667,0,0,0,0,-12.05751,-77.0667,POINT (-77.0667 -12.05751)
LIM-0090,Elio,L2,20,Sub,At Grade,-12.05865,-77.07323,0,0,0,0,-12.05865,-77.07323,POINT (-77.07323 -12.05865)
LIM-0091,San Marcos,L2,21,Sub,At Grade,-12.05556,-77.0815,0,0,0,0,-12.05556,-77.0815,POINT (-77.0815 -12.05556)
LIM-0092,Oscar Benavides,L2,22,Sub,At Grade,-12.05214,-77.08964,0,0,0,0,-12.05214,-77.08964,POINT (-77.08964 -12.05214)
LIM-0093,Carmen de la Legua,L2,23,Sub,At Grade,-12.0535,-77.09816,0,0,0,0,-12.0535,-77.09816,POINT (-77.09816 -12.0535)
LIM-0094,Insurgentes,L2,24,Sub,At Grade,-12.05499,-77.10587,0,0,0,0,-12.05499,-77.10587,POINT (-77.10587 -12.05499)
LIM-0095,Juan Pablo II,L2,25,Sub,At Grade,-12.0568,-77.11485,0,0,0,0,-12.0568,-77.11485,POINT (-77.11485 -12.0568)
LIM-0096,Buenos Aires,L2,26,Sub,At Grade,-12.05921,-77.12763,0,0,0,0,-12.05921,-77.12763,POINT (-77.12763 -12.05921)
LIM-0097,Puerto Callao,L2,27,Sub,At Grade,-12.05238,-77.13899,0,0,0,0,-12.05238,-77.13899,POINT (-77.13899 -12.05238)
LIM-0098,Pedro Miotta,L3,1,Sub,At Grade,-12.15726,-76.98121,0,0,0,0,-12.15726,-76.98121,POINT (-76.98121 -12.15726)
LIM-0099,Los Heroes,L3,2,Sub,At Grade,-12.14803,-76.98265,0,0,0,0,-12.14803,-76.98265,POINT (-76.98265 -12.14803)
LIM-0100,Las Gardenias,L3,3,Sub,At Grade,-12.13168,-76.97854,0,0,0,0,-12.13168,-76.97854,POINT (-76.97854 -12.13168)
LIM-0101,Alejandro Velasco,L3,4,Sub,At Grade,-12.12779,-76.98764,0,0,0,0,-12.12779,-76.98764,POINT (-76.98764 -12.12779)
LIM-0102,Cabitos,L3,5,Sub,At Grade,-12.12894,-77.0009,0,0,0,0,-12.12894,-77.0009,POINT (-77.0009 -12.12894)
LIM-0103,Juana Alarco,L3,6,Sub,At Grade,-12.12753,-77.0097,0,0,0,0,-12.12753,-77.0097,POINT (-77.0097 -12.12753)
LIM-0104,Panamá,L3,7,Sub,At Grade,-12.12631,-77.01788,0,0,0,0,-12.12631,-77.01788,POINT (-77.01788 -12.12631)
LIM-0105,Parque Reducto,L3,8,Sub,At Grade,-12.12539,-77.02383,0,0,0,0,-12.12539,-77.02383,POINT (-77.02383 -12.12539)
LIM-0106,Parque Central de Miraflores,L3,9,Sub,At Grade,-12.12071,-77.02915,0,0,0,0,-12.12071,-77.02915,POINT (-77.02915 -12.12071)
LIM-0107,Huaca Pucllana,L3,10,Sub,At Grade,-12.11162,-77.03025,0,0,0,0,-12.11162,-77.03025,POINT (-77.03025 -12.11162)
LIM-0108,Andrés Aramburú,L3,11,Sub,At Grade,-12.10361,-77.0316,0,0,0,0,-12.10361,-77.0316,POINT (-77.0316 -12.10361)
LIM-0109,Conde de San Isidro,L3,12,Sub,At Grade,-12.09231,-77.03336,0,0,0,0,-12.09231,-77.03336,POINT (-77.03336 -12.09231)
LIM-0110,Cesar Canevaro,L3,13,Sub,At Grade,-12.08347,-77.03473,0,0,0,0,-12.08347,-77.03473,POINT (-77.03473 -12.08347)
LIM-0111,Museo de Historia Natural,L3,14,Sub,At Grade,-12.07662,-77.03566,0,0,0,0,-12.07662,-77.03566,POINT (-77.03566 -12.07662)
LIM-0112,Parque de la Reserva,L3,15,Sub,At Grade,-12.06936,-77.03671,0,0,0,0,-12.06936,-77.03671,POINT (-77.03671 -12.06936)
LIM-0113,Estación Central,L3,16,Sub,At Grade,-12.05983,-77.03784,0,0,0,0,-12.05983,-77.03784,POINT (-77.03784 -12.05983)
LIM-0114,Garcilaso de la Vega,L3,17,Sub,At Grade,-12.05099,-77.03873,0,0,0,0,-12.05099,-77.03873,POINT (-77.03873 -12.05099)
LIM-0115,Tacna,L3,18,Sub,At Grade,-12.04639,-77.03752,0,0,0,0,-12.04639,-77.03752,POINT (-77.03752 -12.04639)
LIM-0116,Caquetá,L3,19,Sub,At Grade,-12.03696,-77.04207,0,0,0,0,-12.03696,-77.04207,POINT (-77.04207 -12.03696)
LIM-0117,Jose Granda,L3,20,Sub,At Grade,-12.02876,-77.05801,0,0,0,0,-12.02876,-77.05801,POINT (-77.05801 -12.02876)
LIM-0118,Bartolome de las Casas,L3,21,Sub,At Grade,-12.01547,-77.06005,0,0,0,0,-12.01547,-77.06005,POINT (-77.06005 -12.01547)
LIM-0119,Tomas Valle,L3,22,Sub,At Grade,-12.00796,-77.06138,0,0,0,0,-12.00796,-77.06138,POINT (-77.06138 -12.00796)
LIM-0120,Carlos Izaguirre,L3,23,Sub,At Grade,-11.98993,-77.06405,0,0,0,0,-11.98993,-77.06405,POINT (-77.06405 -11.98993)
LIM-0121,Naranjal,L3,24,Sub,At Grade,-11.97722,-77.06606,0,0,0,0,-11.97722,-77.06606,POINT (-77.06606 -11.97722)
LIM-0122,Villa Sol,L3,25,Sub,At Grade,-11.96217,-77.06844,0,0,0,0,-11.96217,-77.06844,POINT (-77.06844 -11.96217)
LIM-0123,3 de Octubre,L3,26,Sub,At Grade,-11.94535,-77.07104,0,0,0,0,-11.94535,-77.07104,POINT (-77.07104 -11.94535)
LIM-0124,Huandoy,L3,27,Sub,At Grade,-11.93758,-77.07171,0,0,0,0,-11.93758,-77.07171,POINT (-77.07171 -11.93758)
LIM-0125,EL Alamo,L3,28,Sub,At Grade,-11.92465,-77.06393,0,0,0,0,-11.92465,-77.06393,POINT (-77.06393 -11.92465)
LIM-0126,Mercado Santa Anita,L4,1,Sub,At Grade,-12.04421,-76.93783,0,0,0,0,-12.04421,-76.93783,POINT (-76.93783 -12.04421)
LIM-0127,Estadio Monumental,L4,2,Sub,At Grade,-12.05395,-76.93806,0,0,0,0,-12.05395,-76.93806,POINT (-76.93806 -12.05395)
LIM-0128,Santa Patricia,L4,3,Sub,At Grade,-12.06882,-76.94857,0,0,0,0,-12.06882,-76.94857,POINT (-76.94857 -12.06882)
LIM-0129,La Molina,L4,4,Sub,At Grade,-12.07153,-76.95668,0,0,0,0,-12.07153,-76.95668,POINT (-76.95668 -12.07153)
LIM-0130,Los Frutales,L4,5,Sub,At Grade,-12.07555,-76.96368,0,0,0,0,-12.07555,-76.96368,POINT (-76.96368 -12.07555)
LIM-0131,Manuel Olguin,L4,6,Sub,At Grade,-12.08388,-76.97338,0,0,0,0,-12.08388,-76.97338,POINT (-76.97338 -12.08388)
LIM-0132,Monterrico,L4,7,Sub,At Grade,-12.08515,-76.98455,0,0,0,0,-12.08515,-76.98455,POINT (-76.98455 -12.08515)
LIM-0133,San Luis,L4,8,Sub,At Grade,-12.08701,-76.99661,0,0,0,0,-12.08701,-76.99661,POINT (-76.99661 -12.08701)
LIM-0134,La Cultura,L4,9,Sub,At Grade,-12.08804,-77.00355,0,0,0,0,-12.08804,-77.00355,POINT (-77.00355 -12.08804)
LIM-0135,Pablo Carriquirry,L4,10,Sub,At Grade,-12.0903,-77.01916,0,0,0,0,-12.0903,-77.01916,POINT (-77.01916 -12.0903)
LIM-0136,Javier Prado,L4,11,Sub,At Grade,-12.09074,-77.02269,0,0,0,0,-12.09074,-77.02269,POINT (-77.02269 -12.09074)
LIM-0137,Conde de San Isidro,L4,12,Sub,At Grade,-12.09229,-77.03362,0,0,0,0,-12.09229,-77.03362,POINT (-77.03362 -12.09229)
LIM-0138,Las Palmeras,L4,13,Sub,At Grade,-12.09301,-77.03866,0,0,0,0,-12.09301,-77.03866,POINT (-77.03866 -12.09301)
LIM-0139,Guillermo Prescott,L4,14,Sub,At Grade,-12.09423,-77.04734,0,0,0,0,-12.09423,-77.04734,POINT (-77.04734 -12.09423)
LIM-0140,Felipe Salaverry,L4,15,Sub,At Grade,-12.09462,-77.05079,0,0,0,0,-12.09462,-77.05079,POINT (-77.05079 -12.09462)
LIM-0141,Brasil,L4,16,Sub,At Grade,-12.08645,-77.06317,0,0,0,0,-12.08645,-77.06317,POINT (-77.06317 -12.08645)
LIM-0142,José de Sucre,L4,17,Sub,At Grade,-12.08303,-77.06741,0,0,0,0,-12.08303,-77.06741,POINT (-77.06741 -12.08303)
LIM-0143,Pando,L4,18,Sub,At Grade,-12.07832,-77.08073,0,0,0,0,-12.07832,-77.08073,POINT (-77.08073 -12.07832)
LIM-0144,Rafael Escando,L4,19,Sub,At Grade,-12.07736,-77.09342,0,0,0,0,-12.07736,-77.09342,POINT (-77.09342 -12.07736)
LIM-0145,Venezuela,L4,20,Sub,At Grade,-12.06252,-77.09724,0,0,0,0,-12.06252,-77.09724,POINT (-77.09724 -12.06252)
LIM-0146,Carmen de la Legua,L4,21,Sub,At Grade,-12.05311,-77.09811,0,0,0,0,-12.05311,-77.09811,POINT (-77.09811 -12.05311)
LIM-0147,Morales Duárez,L4,22,Sub,At Grade,-12.04027,-77.09917,0,0,0,0,-12.04027,-77.09917,POINT (-77.09917 -12.04027)
LIM-0148,Quilca,L4,23,Sub,At Grade,-12.03588,-77.09939,0,0,0,0,-12.03588,-77.09939,POINT (-77.09939 -12.03588)
LIM-0149,El Olivar,L4,24,Sub,At Grade,-12.02806,-77.10288,0,0,0,0,-12.02806,-77.10288,POINT (-77.10288 -12.02806)
LIM-0150,Aeropuerto,L4,25,Sub,At Grade,-12.02196,-77.1061,0,0,0,0,-12.02196,-77.1061,POINT (-77.1061 -12.02196)
LIM-0151,Bocanegra,L4,26,Sub,At Grade,-12.01205,-77.11092,0,0,0,0,-12.01205,-77.11092,POINT (-77.11092 -12.01205)
LIM-0152,Canta Callao,L4,27,Sub,At Grade,-12.00101,-77.11678,0,0,0,0,-12.00101,-77.11678,POINT (-77.11678 -12.00101)
LIM-0153,Gambetta,L4,28,Sub,At Grade,-11.99695,-77.12593,0,0,0,0,-11.99695,-77.12593,POINT (-77.12593 -11.99695)
LIM-0154,Villa Panamericana,L5,1,Sub,At Grade,-12.20624,-76.95401,0,0,0,0,-12.20624,-76.95401,POINT (-76.95401 -12.20624)
LIM-0155,Almacenes,L5,2,Sub,At Grade,-12.21214,-76.96376,0,0,0,0,-12.21214,-76.96376,POINT (-76.96376 -12.21214)
LIM-0156,Panamericana Sur,L5,3,Sub,At Grade,-12.2059,-76.97481,0,0,0,0,-12.2059,-76.97481,POINT (-76.97481 -12.2059)
LIM-0157,Santa Isabel,L5,4,Sub,At Grade,-12.19673,-76.97837,0,0,0,0,-12.19673,-76.97837,POINT (-76.97837 -12.19673)
LIM-0158,San Martin,L5,5,Sub,At Grade,-12.18786,-76.98831,0,0,0,0,-12.18786,-76.98831,POINT (-76.98831 -12.18786)
LIM-0159,Guardia Civil,L5,6,Sub,At Grade,-12.17853,-76.99587,0,0,0,0,-12.17853,-76.99587,POINT (-76.99587 -12.17853)
LIM-0160,Los Asteroides,L5,7,Sub,At Grade,-12.16798,-76.99863,0,0,0,0,-12.16798,-76.99863,POINT (-76.99863 -12.16798)
LIM-0161,Sagitario,L5,8,Sub,At Grade,-12.16017,-76.99443,0,0,0,0,-12.16017,-76.99443,POINT (-76.99443 -12.16017)
LIM-0162,Las Palmas,L5,9,Sub,At Grade,-12.15074,-77.00616,0,0,0,0,-12.15074,-77.00616,POINT (-77.00616 -12.15074)
LIM-0163,Rossevelt,L5,10,Sub,At Grade,-12.14709,-77.01171,0,0,0,0,-12.14709,-77.01171,POINT (-77.01171 -12.14709)
LIM-0164,Balta,L5,11,Sub,At Grade,-12.14171,-77.01774,0,0,0,0,-12.14171,-77.01774,POINT (-77.01774 -12.14171)
LIM-0165,Ramon Castilla,L5,12,Sub,At Grade,-12.13379,-77.01789,0,0,0,0,-12.13379,-77.01789,POINT (-77.01789 -12.13379)
LIM-0166,Benavides,L5,13,Sub,At Grade,-12.12614,-77.01814,0,0,0,0,-12.12614,-77.01814,POINT (-77.01814 -12.12614)
LIM-0167,Angamos,L5,14,Sub,At Grade,-12.11284,-77.01843,0,0,0,0,-12.11284,-77.01843,POINT (-77.01843 -12.11284)
LIM-0168,Atarjea,L6,1,Sub,At Grade,-12.02474,-76.96643,0,0,0,0,-12.02474,-76.96643,POINT (-76.96643 -12.02474)
LIM-0169,Los Chancas,L6,2,Sub,At Grade,-12.03716,-76.96271,0,0,0,0,-12.03716,-76.96271,POINT (-76.96271 -12.03716)
LIM-0170,Universidad,L6,3,Sub,At Grade,-12.04374,-76.96988,0,0,0,0,-12.04374,-76.96988,POINT (-76.96988 -12.04374)
LIM-0171,Santa Anita,L6,4,Sub,At Grade,-12.05516,-76.96443,0,0,0,0,-12.05516,-76.96443,POINT (-76.96443 -12.05516)
LIM-0172,Parque de los Anillos,L6,5,Sub,At Grade,-12.06979,-76.97252,0,0,0,0,-12.06979,-76.97252,POINT (-76.97252 -12.06979)
LIM-0173,UPC,L6,6,Sub,At Grade,-12.10344,-76.96318,0,0,0,0,-12.10344,-76.96318,POINT (-76.96318 -12.10344)
LIM-0174,Javier Prado,L6,7,Sub,At Grade,-12.08233,-76.97041,0,0,0,0,-12.08233,-76.97041,POINT (-76.97041 -12.08233)
LIM-0175,Derby,L6,8,Sub,At Grade,-12.09657,-76.97351,0,0,0,0,-12.09657,-76.97351,POINT (-76.97351 -12.09657)
LIM-0176,La Encalada,L6,9,Sub,At Grade,-12.10982,-76.97285,0,0,0,0,-12.10982,-76.97285,POINT (-76.97285 -12.10982)
LIM-0177,Panamericana Sur,L6,10,Sub,At Grade,-12.11023,-76.97821,0,0,0,0,-12.11023,-76.97821,POINT (-76.97821 -12.11023)
LIM-0178,Velasco Astete,L6,11,Sub,At Grade,-12.11067,-76.98456,0,0,0,0,-12.11067,-76.98456,POINT (-76.98456 -12.11067)
LIM-0179,Caminos del Inca,L6,12,Sub,At Grade,-12.11125,-76.99375,0,0,0,0,-12.11125,-76.99375,POINT (-76.99375 -12.11125)
LIM-0180,Primavera,L6,13,Sub,At Grade,-12.11171,-77.00051,0,0,0,0,-12.11171,-77.00051,POINT (-77.00051 -12.11171)
LIM-0181,La Calera,L6,14,Sub,At Grade,-12.11241,-77.01049,0,0,0,0,-12.11241,-77.01049,POINT (-77.01049 -12.11241)
LIM-0182,Mercado Surquillo,L6,15,Sub,At Grade,-12.11339,-77.0249,0,0,0,0,-12.11339,-77.0249,POINT (-77.0249 -12.11339)
LIM-0183,Huaca Pucllana,L6,16,Sub,At Grade,-12.11382,-77.02974,0,0,0,0,-12.11382,-77.02974,POINT (-77.02974 -12.11382)
LIM-0184,Comandante Espinar,L6,17,Sub,At Grade,-12.11408,-77.03699,0,0,0,0,-12.11408,-77.03699,POINT (-77.03699 -12.11408)
LIM-0185,Pardo,L6,18,Sub,At Grade,-12.11319,-77.04849,0,0,0,0,-12.11319,-77.04849,POINT (-77.04849 -12.11319)
LIM-0186,Cuartel San Martin,L6,19,Sub,At Grade,-12.10879,-77.05295,0,0,0,0,-12.10879,-77.05295,POINT (-77.05295 -12.10879)
LIM-0187,Ejercito,L6,20,Sub,At Grade,-12.09797,-77.0694,0,0,0,0,-12.09797,-77.0694,POINT (-77.0694 -12.09797)
LIM-0188,Parque Media Luna,L6,21,Sub,At Grade,-12.09214,-77.07989,0,0,0,0,-12.09214,-77.07989,POINT (-77.07989 -12.09214)
LIM-0189,Lima,L6,22,Sub,At Grade,-12.0869,-77.08379,0,0,0,0,-12.0869,-77.08379,POINT (-77.08379 -12.0869)
LIM-0190,Pando,L6,23,Sub,At Grade,-12.07779,-77.08128,0,0,0,0,-12.07779,-77.08128,POINT (-77.08128 -12.07779)
LIM-0191,PUCP,L6,24,Sub,At Grade,-12.06849,-77.07777,0,0,0,0,-12.06849,-77.07777,POINT (-77.07777 -12.06849)
LIM-0192,San Marcos,L6,25,Sub,At Grade,-12.05557,-77.08074,0,0,0,0,-12.05557,-77.08074,POINT (-77.08074 -12.05557)
LIM-0193,Argentina,L6,26,Sub,At Grade,-12.04652,-77.07682,0,0,0,0,-12.04652,-77.07682,POINT (-77.07682 -12.04652)
LIM-0194,Peru,L6,27,Sub,At Grade,-12.03186,-77.07755,0,0,0,0,-12.03186,-77.07755,POINT (-77.07755 -12.03186)
LIM-0195,José Granda,L6,28,Sub,At Grade,-12.02615,-77.07542,0,0,0,0,-12.02615,-77.07542,POINT (-77.07542 -12.02615)
LIM-0196,San German,L6,29,Sub,At Grade,-12.01928,-77.07632,0,0,0,0,-12.01928,-77.07632,POINT (-77.07632 -12.01928)
LIM-0197,Tomas Valle,L6,30,Sub,At Grade,-12.01268,-77.07982,0,0,0,0,-12.01268,-77.07982,POINT (-77.07982 -12.01268)
LIM-0198,Angelica Gamarra,L6,31,Sub,At Grade,-12.00657,-77.0825,0,0,0,0,-12.00657,-77.0825,POINT (-77.0825 -12.00657)
LIM-0199,Santiago Antunez de Mayolo,L6,32,Sub,At Grade,-11.99653,-77.08469,0,0,0,0,-11.99653,-77.08469,POINT (-77.08469 -11.99653)
LIM-0200,Los Olivos,L6,33,Sub,At Grade,-11.98862,-77.08099,0,0,0,0,-11.98862,-77.08099,POINT (-77.08099 -11.98862)
LIM-0201,Los Alisos,L6,34,Sub,At Grade,-11.9838,-77.07219,0,0,0,0,-11.9838,-77.07219,POINT (-77.07219 -11.9838)
LIM-0202,Canta,L6,35,Sub,At Grade,-11.97376,-77.0879,0,0,0,0,-11.97376,-77.0879,POINT (-77.0879 -11.97376)
LIM-0203,Chiquitanta,L6,36,Sub,At Grade,-11.96148,-77.09916,0,0,0,0,-11.96148,-77.09916,POINT (-77.09916 -11.96148)
LIM-0204,200 millas,L7,1,Sub,At Grade,-11.99619,-77.12607,0,0,0,0,-11.99619,-77.12607,POINT (-77.12607 -11.99619)
LIM-0205,Carlos Izaguirre,L7,2,Sub,At Grade,-11.98881,-77.12549,0,0,0,0,-11.98881,-77.12549,POINT (-77.12549 -11.98881)
LIM-0206,Manuel Mujica,L7,3,Sub,At Grade,-11.98215,-77.12518,0,0,0,0,-11.98215,-77.12518,POINT (-77.12518 -11.98215)
LIM-0207,Orquendo,L7,4,Sub,At Grade,-11.97777,-77.12503,0,0,0,0,-11.97777,-77.12503,POINT (-77.12503 -11.97777)
LIM-0208,California,L7,5,Sub,At Grade,-11.97242,-77.12506,0,0,0,0,-11.97242,-77.12506,POINT (-77.12506 -11.97242)
LIM-0209,Los Alisos,L7,6,Sub,At Grade,-11.96409,-77.12679,0,0,0,0,-11.96409,-77.12679,POINT (-77.12679 -11.96409)
LIM-0210,Las Brisas,L7,7,Sub,At Grade,-11.95916,-77.12841,0,0,0,0,-11.95916,-77.12841,POINT (-77.12841 -11.95916)
LIM-0211,Oceanica,L7,8,Sub,At Grade,-11.95168,-77.13096,0,0,0,0,-11.95168,-77.13096,POINT (-77.13096 -11.95168)
LIM-0212,Miramar,L7,9,Sub,At Grade,-11.94406,-77.13144,0,0,0,0,-11.94406,-77.13144,POINT (-77.13144 -11.94406)
LIM-0213,Chillón,L7,10,Sub,At Grade,-11.93612,-77.13077,0,0,0,0,-11.93612,-77.13077,POINT (-77.13077 -11.93612)
LIM-0214,Castillo El Palmo,L7,11,Sub,At Grade,-11.92314,-77.1294,0,0,0,0,-11.92314,-77.1294,POINT (-77.1294 -11.92314)
LIM-0215,Petrolera,L7,12,Sub,At Grade,-11.9089,-77.12868,0,0,0,0,-11.9089,-77.12868,POINT (-77.12868 -11.9089)
LIM-0216,Heroes del Cenepa,L7,13,Sub,At Grade,-11.89528,-77.12663,0,0,0,0,-11.89528,-77.12663,POINT (-77.12663 -11.89528)
LIM-0217,Ventanilla,L7,14,Sub,At Grade,-11.88674,-77.12598,0,0,0,0,-11.88674,-77.12598,POINT (-77.12598 -11.88674)
LIM-0218,Municipalidad,L7,15,Sub,At Grade,-11.87769,-77.12674,0,0,0,0,-11.87769,-77.12674,POINT (-77.12674 -11.87769)
LIM-0219,Villamoto,L7,16,Sub,At Grade,-11.86659,-77.12835,0,0,0,0,-11.86659,-77.12835,POINT (-77.12835 -11.86659)
LIM-0220,Mi Peru,L7,17,Sub,At Grade,-11.85566,-77.13,0,0,0,0,-11.85566,-77.13,POINT (-77.13 -11.85566)
LIM-0221,Jose María Arguedas,L7,18,Sub,At Grade,-11.84765,-77.11964,0,0,0,0,-11.84765,-77.11964,POINT (-77.11964 -11.84765)
LIM-0222,Panamericana Norte,L7,19,Sub,At Grade,-11.83761,-77.111,0,0,0,0,-11.83761,-77.111,POINT (-77.111 -11.83761)
LIM-0223,Villa Los Reyes,L7,20,Sub,At Grade,-11.82911,-77.1191,0,0,0,0,-11.82911,-77.1191,POINT (-77.1191 -11.82911)
LIM-0224,Marko Jara Shenone,L7,21,Sub,At Grade,-11.81464,-77.12859,0,0,0,0,-11.81464,-77.12859,POINT (-77.12859 -11.81464)
LIM-0225,Señor de los Milagros,L7,22,Sub,At Grade,-11.79905,-77.14012,0,0,0,0,-11.79905,-77.14012,POINT (-77.14012 -11.79905)
LIM-0226,Santa Rosa,L7,23,Sub,At Grade,-11.78524,-77.15435,0,0,0,0,-11.78524,-77.15435,POINT (-77.15435 -11.78524)
LIM-0227,Ancón,L7,24,Sub,At Grade,-11.77603,-77.16374,0,0,0,0,-11.77603,-77.16374,POINT (-77.16374 -11.77603)
LIM-0228,Miguel Grau,L8,1,Sub,At Grade,-12.05866,-77.03526,0,0,0,0,-12.05866,-77.03526,POINT (-77.03526 -12.05866)
LIM-0229,Parque Universitario,L8,2,Sub,At Grade,-12.05469,-77.03038,0,0,0,0,-12.05469,-77.03038,POINT (-77.03038 -12.05469)
LIM-0230,Centro de Lima,L8,3,Sub,At Grade,-12.04799,-77.0269,0,0,0,0,-12.04799,-77.0269,POINT (-77.0269 -12.04799)
LIM-0231,Tacna,L8,4,Sub,At Grade,-12.0396,-77.0311,0,0,0,0,-12.0396,-77.0311,POINT (-77.0311 -12.0396)
LIM-0232,Alcázar,L8,5,Sub,At Grade,-12.0318,-77.02794,0,0,0,0,-12.0318,-77.02794,POINT (-77.02794 -12.0318)
LIM-0233,Santa Rosa,L8,6,Sub,At Grade,-12.02888,-77.0187,0,0,0,0,-12.02888,-77.0187,POINT (-77.0187 -12.02888)
LIM-0234,Caja de Agua,L8,7,Sub,At Grade,-12.02847,-77.01138,0,0,0,0,-12.02847,-77.01138,POINT (-77.01138 -12.02847)
LIM-0235,Piramide del Sol,L8,8,Sub,At Grade,-12.0257,-77.00181,0,0,0,0,-12.0257,-77.00181,POINT (-77.00181 -12.0257)
LIM-0236,Las Lomas,L8,9,Sub,At Grade,-12.02438,-76.99144,0,0,0,0,-12.02438,-76.99144,POINT (-76.99144 -12.02438)
LIM-0237,Fortaleza de Campoy,L8,10,Sub,At Grade,-12.02497,-76.98134,0,0,0,0,-12.02497,-76.98134,POINT (-76.98134 -12.02497)
LIM-0238,Atarjea,L8,11,Sub,At Grade,-12.02409,-76.96697,0,0,0,0,-12.02409,-76.96697,POINT (-76.96697 -12.02409)
LIM-0239,Alcázar,L9,1,Sub,At Grade,-12.03147,-77.02845,0,0,0,0,-12.03147,-77.02845,POINT (-77.02845 -12.03147)
LIM-0240,La Florida,L9,2,Sub,At Grade,-12.02368,-77.03716,0,0,0,0,-12.02368,-77.03716,POINT (-77.03716 -12.02368)
LIM-0241,UNI,L9,3,Sub,At Grade,-12.01593,-77.0518,0,0,0,0,-12.01593,-77.0518,POINT (-77.0518 -12.01593)
LIM-0242,Tomas Valle,L9,4,Sub,At Grade,-12.00879,-77.06255,0,0,0,0,-12.00879,-77.06255,POINT (-77.06255 -12.00879)
LIM-0243,Universitaria,L9,5,Sub,At Grade,-12.01265,-77.07932,0,0,0,0,-12.01265,-77.07932,POINT (-77.07932 -12.01265)
LIM-0244,Beta,L9,6,Sub,At Grade,-12.01096,-77.07051,0,0,0,0,-12.01096,-77.07051,POINT (-77.07051 -12.01096)
LIM-0245,Condor,L9,7,Sub,At Grade,-12.01335,-77.09502,0,0,0,0,-12.01335,-77.09502,POINT (-77.09502 -12.01335)
LIM-0246,Aeropuerto,L9,8,Sub,At Grade,-12.02158,-77.10507,0,0,0,0,-12.02158,-77.10507,POINT (-77.10507 -12.02158)
LIM-0247,Gambetta,L9,9,Sub,At Grade,-12.04265,-77.11604,0,0,0,0,-12.04265,-77.11604,POINT (-77.11604 -12.04265)
LIM-0248,Argentina,L9,10,Sub,At Grade,-12.04982,-77.11531,0,0,0,0,-12.04982,-77.11531,POINT (-77.11531 -12.04982)
LIM-0249,Oscar Benavides,L9,11,Sub,At Grade,-12.05755,-77.11471,0,0,0,0,-12.05755,-77.11471,POINT (-77.11471 -12.05755)
LIM-0250,La Perla,L9,12,Sub,At Grade,-12.06464,-77.11878,0,0,0,0,-12.06464,-77.11878,POINT (-77.11878 -12.06464)
LIM-0251,Haya de la Torre,L9,13,Sub,At Grade,-12.07017,-77.10947,0,0,0,0,-12.07017,-77.10947,POINT (-77.10947 -12.07017)
LIM-0252,La Marina,L9,14,Sub,At Grade,-12.07426,-77.09962,0,0,0,0,-12.07426,-77.09962,POINT (-77.09962 -12.07426)
