trip_uid,trip_id,route_id,direction_id,start_time,vehicle_id,u,v,key,travel_time_s,time_source,projection_method,projection_quality
LIMA_P0_BRT_LIM-0001_LIM-0002_0,LIMA_P0_BRT_LIM-0001_LIM-0002_0,BRT,0.0,,,LIM-0001,LIM-0002,0,284.25875007058676,projected_lima_scenario,knn_inverse_distance_rate,mode_fallback
LIMA_P0_BRT_LIM-0002_LIM-0001_0,LIMA_P0_BRT_LIM-0002_LIM-0001_0,BRT,1.0,,,LIM-0002,LIM-0001,0,284.25875007058676,projected_lima_scenario,knn_inverse_distance_rate,mode_fallback
LIMA_P0_BRT_LIM-0002_LIM-0003_0,LIMA_P0_BRT_LIM-0002_LIM-0003_0,BRT,0.0,,,LIM-0002,LIM-0003,0,192.91634035807354,projected_lima_scenario,knn_inverse_distance_rate,mode_fallback
LIMA_P0_BRT_LIM-0003_LIM-0002_0,LIMA_P0_BRT_LIM-0003_LIM-0002_0,BRT,1.0,,,LIM-0003,LIM-0002,0,192.91634035807354,projected_lima_scenario,knn_inverse_distance_rate,mode_fallback
LIMA_P0_BRT_LIM-0003_LIM-0004_0,LIMA_P0_BRT_LIM-0003_LIM-0004_0,BRT,0.0,,,LIM-0003,LIM-0004,0,151.77267944348844,projected_lima_scenario,knn_inverse_distance_rate,mode_fallback
LIMA_P0_BRT_LIM-0004_LIM-0003_0,LIMA_P0_BRT_LIM-0004_LIM-0003_0,BRT,1.0,,,LIM-0004,LIM-0003,0,151.77267944348844,projected_lima_scenario,knn_inverse_distance_rate,mode_fallback
LIMA_P0_BRT_LIM-0004_LIM-0005_0,LIMA_P0_BRT_LIM-0004_LIM-0005_0,BRT,0.0,,,LIM-0004,LIM-0005,0,141.67722726510104,projected_lima_scenario,knn_inverse_distance_rate,mode_fallback
LIMA_P0_BRT_LIM-0005_LIM-0004_0,LIMA_P0_BRT_LIM-0005_LIM-0004_0,BRT,1.0,,,LIM-0005,LIM-0004,0,141.67722726510104,projected_lima_scenario,knn_inverse_distance_rate,mode_fallback
LIMA_P0_BRT_LIM-0005_LIM-0006_0,LIMA_P0_BRT_LIM-0005_LIM-0006_0,BRT,0.0,,,LIM-0005,LIM-0006,0,113.1439594776661,projected_lima_scenario,knn_inverse_distance_rate,mode_fallback
LIMA_P0_BRT_LIM-0006_LIM-0005_0,LIMA_P0_BRT_LIM-0006_LIM-0005_0,BRT,1.0,,,LIM-0006,LIM-0005,0,113.1439594776661,projected_lima_scenario,knn_inverse_distance_rate,mode_fallback
LIMA_P0_BRT_LIM-0006_LIM-0007_0,LIMA_P0_BRT_LIM-0006_LIM-0007_0,BRT,0.0,,,LIM-0006,LIM-0007,0,228.78378412559445,projected_lima_scenario,knn_inverse_distance_rate,mode_fallback
LIMA_P0_BRT_LIM-0007_LIM-0006_0,LIMA_P0_BRT_LIM-0007_LIM-0006_0,BRT,1.0,,,LIM-0007,LIM-0006,0,228.78378412559445,projected_lima_scenario,knn_inverse_distance_rate,mode_fallback
LIMA_P0_BRT_LIM-0007_LIM-0008_0,LIMA_P0_BRT_LIM-0007_LIM-0008_0,BRT,0.0,,,LIM-0007,LIM-0008,0,128.98896896138052,projected_lima_scenario,knn_inverse_distance_rate,mode_fallback
LIMA_P0_BRT_LIM-0008_LIM-0007_0,LIMA_P0_BRT_LIM-0008_LIM-0007_0,BRT,1.0,,,LIM-0008,LIM-0007,0,128.98896896138052,projected_lima_scenario,knn_inverse_distance_rate,mode_fallback
LIMA_P0_BRT_LIM-0008_LIM-0009_0,LIMA_P0_BRT_LIM-0008_LIM-0009_0,BRT,0.0,,,LIM-0008,LIM-0009,0,96.48277566520808,projected_lima_scenario,knn_inverse_distance_rate,mode_fallback
LIMA_P0_BRT_LIM-0009_LIM-0008_0,LIMA_P0_BRT_LIM-0009_LIM-0008_0,BRT,1.0,,,LIM-0009,LIM-0008,0,96.48277566520808,projected_lima_scenario,knn_inverse_distance_rate,mode_fallback
LIMA_P0_BRT_LIM-0009_LIM-0010_0,LIMA_P0_BRT_LIM-0009_LIM-0010_0,BRT,0.0,,,LIM-0009,LIM-0010,0,102.1908297900439,projected_lima_scenario,knn_inverse_distance_rate,mode_fallback
LIMA_P0_BRT_LIM-0010_LIM-0009_0,LIMA_P0_BRT_LIM-0010_LIM-0009_0,BRT,1.0,,,LIM-0010,LIM-0009,0,102.1908297900439,projected_lima_scenario,knn_inverse_distance_rate,mode_fallback
LIMA_P0_BRT_LIM-0010_LIM-0011_0,LIMA_P0_BRT_LIM-0010_LIM-0011_0,BRT,0.0,,,LIM-0010,LIM-0011,0,98.1023597034531,projected_lima_scenario,knn_inverse_distance_rate,mode_fallback
LIMA_P0_BRT_LIM-0011_LIM-0010_0,LIMA_P0_BRT_LIM-0011_LIM-0010_0,BRT,1.0,,,LIM-0011,LIM-0010,0,98.1023597034531,projected_lima_scenario,knn_inverse_distance_rate,mode_fallback
LIMA_P0_BRT_LIM-0011_LIM-0012_0,LIMA_P0_BRT_LIM-0011_LIM-0012_0,BRT,0.0,,,LIM-0011,LIM-0012,0,95.81964150998989,projected_lima_scenario,knn_inverse_distance_rate,mode_fallback
LIMA_P0_BRT_LIM-0012_LIM-0011_0,LIMA_P0_BRT_LIM-0012_LIM-0011_0,BRT,1.0,,,LIM-0012,LIM-0011,0,95.81964150998989,projected_lima_scenario,knn_inverse_distance_rate,mode_fallback
LIMA_P0_BRT_LIM-0012_LIM-0013_0,LIMA_P0_BRT_LIM-0012_LIM-0013_0,BRT,0.0,,,LIM-0012,LIM-0013,0,98.02498098974453,projected_lima_scenario,knn_inverse_distance_rate,mode_fallback
LIMA_P0_BRT_LIM-0013_LIM-0012_0,LIMA_P0_BRT_LIM-0013_LIM-0012_0,BRT,1.0,,,LIM-0013,LIM-0012,0,98.02498098974453,projected_lima_scenario,knn_inverse_distance_rate,mode_fallback
LIMA_P0_BRT_LIM-0013_LIM-0014_0,LIMA_P0_BRT_LIM-0013_LIM-0014_0,BRT,0.0,,,LIM-0013,LIM-0014,0,90.14438785989744,projected_lima_scenario,knn_inverse_distance_rate,mode_fallback
LIMA_P0_BRT_LIM-0014_LIM-0013_0,LIMA_P0_BRT_LIM-0014_LIM-0013_0,BRT,1.0,,,LIM-0014,LIM-0013,0,90.14438785989744,projected_lima_scenario,knn_inverse_distance_rate,mode_fallback
LIMA_P0_BRT_LIM-0014_LIM-0015_0,LIMA_P0_BRT_LIM-0014_LIM-0015_0,BRT,0.0,,,LIM-0014,LIM-0015,0,94.70162586279335,projected_lima_scenario,knn_inverse_distance_rate,mode_fallback
LIMA_P0_TRANSFER_LIM-0014_LIM-0241_0,LIMA_P0_TRANSFER_LIM-0014_LIM-0241_0,TRANSFER,,,,LIM-0014,LIM-0241,0,200.29182084184194,projected_lima_scenario,transfer_walk_rule,rule_based_transfer
LIMA_P0_BRT_LIM-0015_LIM-0014_0,LIMA_P0_BRT_LIM-0015_LIM-0014_0,BRT,1.0,,,LIM-0015,LIM-0014,0,94.70162586279335,projected_lima_scenario,knn_inverse_distance_rate,mode_fallback
LIMA_P0_BRT_LIM-0015_LIM-0016_0,LIMA_P0_BRT_LIM-0015_LIM-0016_0,BRT,0.0,,,LIM-0015,LIM-0016,0,89.75016227597341,projected_lima_scenario,knn_inverse_distance_rate,mode_fallback
LIMA_P0_BRT_LIM-0016_LIM-0015_0,LIMA_P0_BRT_LIM-0016_LIM-0015_0,BRT,1.0,,,LIM-0016,LIM-0015,0,89.75016227597341,projected_lima_scenario,knn_inverse_distance_rate,mode_fallback
LIMA_P0_BRT_LIM-0016_LIM-0017_0,LIMA_P0_BRT_LIM-0016_LIM-0017_0,BRT,0.0,,,LIM-0016,LIM-0017,0,102.64222657445895,projected_lima_scenario,knn_inverse_distance_rate,mode_fallback
LIMA_P0_BRT_LIM-0017_LIM-0016_0,LIMA_P0_BRT_LIM-0017_LIM-0016_0,BRT,1.0,,,LIM-0017,LIM-0016,0,102.64222657445895,projected_lima_scenario,knn_inverse_distance_rate,mode_fallback
LIMA_P0_BRT_LIM-0017_LIM-0018_0,LIMA_P0_BRT_LIM-0017_LIM-0018_0,BRT,0.0,,,LIM-0017,LIM-0018,0,142.4943775484707,projected_lima_scenario,knn_inverse_distance_rate,mode_fallback
LIMA_P0_TRANSFER_LIM-0017_LIM-0116_0,LIMA_P0_TRANSFER_LIM-0017_LIM-0116_0,TRANSFER,,,,LIM-0017,LIM-0116,0,202.36994733563333,projected_lima_scenario,transfer_walk_rule,rule_based_transfer
LIMA_P0_BRT_LIM-0018_LIM-0017_0,LIMA_P0_BRT_LIM-0018_LIM-0017_0,BRT,1.0,,,LIM-0018,LIM-0017,0,142.4943775484707,projected_lima_scenario,knn_inverse_distance_rate,mode_fallback
LIMA_P0_BRT_LIM-0018_LIM-0019_0,LIMA_P0_BRT_LIM-0018_LIM-0019_0,BRT,0.0,,,LIM-0018,LIM-0019,0,101.33245230529252,projected_lima_scenario,knn_inverse_distance_rate,mode_fallback
LIMA_P0_BRT_LIM-0019_LIM-0018_0,LIMA_P0_BRT_LIM-0019_LIM-0018_0,BRT,1.0,,,LIM-0019,LIM-0018,0,101.33245230529252,projected_lima_scenario,knn_inverse_distance_rate,mode_fallback
LIMA_P0_BRT_LIM-0019_LIM-0020_0,LIMA_P0_BRT_LIM-0019_LIM-0020_0,BRT,0.0,,,LIM-0019,LIM-0020,0,95.6585093019777,projected_lima_scenario,knn_inverse_distance_rate,mode_fallback
LIMA_P0_BRT_LIM-0020_LIM-0019_0,LIMA_P0_BRT_LIM-0020_LIM-0019_0,BRT,1.0,,,LIM-0020,LIM-0019,0,95.6585093019777,projected_lima_scenario,knn_inverse_distance_rate,mode_fallback
LIMA_P0_BRT_LIM-0020_LIM-0021_0,LIMA_P0_BRT_LIM-0020_LIM-0021_0,BRT,0.0,,,LIM-0020,LIM-0021,0,137.92138723859807,projected_lima_scenario,knn_inverse_distance_rate,mode_fallback
LIMA_P0_BRT_LIM-0021_LIM-0020_0,LIMA_P0_BRT_LIM-0021_LIM-0020_0,BRT,1.0,,,LIM-0021,LIM-0020,0,137.92138723859807,projected_lima_scenario,knn_inverse_distance_rate,mode_fallback
LIMA_P0_BRT_LIM-0021_LIM-0022_0,LIMA_P0_BRT_LIM-0021_LIM-0022_0,BRT,0.0,,,LIM-0021,LIM-0022,0,102.54652525739262,projected_lima_scenario,knn_inverse_distance_rate,mode_fallback
LIMA_P0_BRT_LIM-0022_LIM-0021_0,LIMA_P0_BRT_LIM-0022_LIM-0021_0,BRT,1.0,,,LIM-0022,LIM-0021,0,102.54652525739262,projected_lima_scenario,knn_inverse_distance_rate,mode_fallback
LIMA_P0_BRT_LIM-0022_LIM-0023_0,LIMA_P0_BRT_LIM-0022_LIM-0023_0,BRT,0.0,,,LIM-0022,LIM-0023,0,90.85584963389238,projected_lima_scenario,knn_inverse_distance_rate,mode_fallback
LIMA_P0_TRANSFER_LIM-0022_LIM-0115_0,LIMA_P0_TRANSFER_LIM-0022_LIM-0115_0,TRANSFER,,,,LIM-0022,LIM-0115,0,82.86825524600494,projected_lima_scenario,transfer_walk_rule,rule_based_transfer
LIMA_P0_BRT_LIM-0023_LIM-0022_0,LIMA_P0_BRT_LIM-0023_LIM-0022_0,BRT,1.0,,,LIM-0023,LIM-0022,0,90.85584963389238,projected_lima_scenario,knn_inverse_distance_rate,mode_fallback
LIMA_P0_BRT_LIM-0023_LIM-0024_0,LIMA_P0_BRT_LIM-0023_LIM-0024_0,BRT,0.0,,,LIM-0023,LIM-0024,0,93.29722984740667,projected_lima_scenario,knn_inverse_distance_rate,mode_fallback
LIMA_P0_BRT_LIM-0024_LIM-0023_0,LIMA_P0_BRT_LIM-0024_LIM-0023_0,BRT,1.0,,,LIM-0024,LIM-0023,0,93.29722984740667,projected_lima_scenario,knn_inverse_distance_rate,mode_fallback
LIMA_P0_BRT_LIM-0024_LIM-0025_0,LIMA_P0_BRT_LIM-0024_LIM-0025_0,BRT,0.0,,,LIM-0024,LIM-0025,0,92.6532403646599,projected_lima_scenario,knn_inverse_distance_rate,mode_fallback
LIMA_P0_BRT_LIM-0025_LIM-0024_0,LIMA_P0_BRT_LIM-0025_LIM-0024_0,BRT,1.0,,,LIM-0025,LIM-0024,0,92.6532403646599,projected_lima_scenario,knn_inverse_distance_rate,mode_fallback
LIMA_P0_BRT_LIM-0025_LIM-0026_0,LIMA_P0_BRT_LIM-0025_LIM-0026_0,BRT,0.0,,,LIM-0025,LIM-0026,0,178.14065447903448,projected_lima_scenario,knn_inverse_distance_rate,mode_fallback
LIMA_P0_TRANSFER_LIM-0025_LIM-0228_0,LIMA_P0_TRANSFER_LIM-0025_LIM-0228_0,TRANSFER,,,,LIM-0025,LIM-0228,0,149.43037534097766,projected_lima_scenario,transfer_walk_rule,rule_based_transfer
LIMA_P0_BRT_LIM-0026_LIM-0025_0,LIMA_P0_BRT_LIM-0026_LIM-0025_0,BRT,1.0,,,LIM-0026,LIM-0025,0,178.14065447903448,projected_lima_scenario,knn_inverse_distance_rate,mode_fallback
LIMA_P0_BRT_LIM-0026_LIM-0027_0,LIMA_P0_BRT_LIM-0026_LIM-0027_0,BRT,0.0,,,LIM-0026,LIM-0027,0,151.54444964303315,projected_lima_scenario,knn_inverse_distance_rate,mode_fallback
LIMA_P0_BRT_LIM-0027_LIM-0026_0,LIMA_P0_BRT_LIM-0027_LIM-0026_0,BRT,1.0,,,LIM-0027,LIM-0026,0,151.54444964303315,projected_lima_scenario,knn_inverse_distance_rate,mode_fallback
LIMA_P0_BRT_LIM-0027_LIM-0028_0,LIMA_P0_BRT_LIM-0027_LIM-0028_0,BRT,0.0,,,LIM-0027,LIM-0028,0,90.39378203338438,projected_lima_scenario,knn_inverse_distance_rate,mode_fallback
LIMA_P0_BRT_LIM-0028_LIM-0027_0,LIMA_P0_BRT_LIM-0028_LIM-0027_0,BRT,1.0,,,LIM-0028,LIM-0027,0,90.39378203338438,projected_lima_scenario,knn_inverse_distance_rate,mode_fallback
LIMA_P0_BRT_LIM-0028_LIM-0029_0,LIMA_P0_BRT_LIM-0028_LIM-0029_0,BRT,0.0,,,LIM-0028,LIM-0029,0,115.48832561127331,projected_lima_scenario,knn_inverse_distance_rate,mode_fallback
LIMA_P0_BRT_LIM-0029_LIM-0028_0,LIMA_P0_BRT_LIM-0029_LIM-0028_0,BRT,1.0,,,LIM-0029,LIM-0028,0,115.48832561127331,projected_lima_scenario,knn_inverse_distance_rate,mode_fallback
LIMA_P0_BRT_LIM-0029_LIM-0030_0,LIMA_P0_BRT_LIM-0029_LIM-0030_0,BRT,0.0,,,LIM-0029,LIM-0030,0,97.87922132142049,projected_lima_scenario,knn_inverse_distance_rate,mode_fallback
LIMA_P0_TRANSFER_LIM-0029_LIM-0136_0,LIMA_P0_TRANSFER_LIM-0029_LIM-0136_0,TRANSFER,,,,LIM-0029,LIM-0136,0,200.6730355101915,projected_lima_scenario,transfer_walk_rule,rule_based_transfer
LIMA_P0_BRT_LIM-0030_LIM-0029_0,LIMA_P0_BRT_LIM-0030_LIM-0029_0,BRT,1.0,,,LIM-0030,LIM-0029,0,97.87922132142049,projected_lima_scenario,knn_inverse_distance_rate,mode_fallback
LIMA_P0_BRT_LIM-0030_LIM-0031_0,LIMA_P0_BRT_LIM-0030_LIM-0031_0,BRT,0.0,,,LIM-0030,LIM-0031,0,122.18956597144319,projected_lima_scenario,knn_inverse_distance_rate,mode_fallback
LIMA_P0_BRT_LIM-0031_LIM-0030_0,LIMA_P0_BRT_LIM-0031_LIM-0030_0,BRT,1.0,,,LIM-0031,LIM-0030,0,122.18956597144319,projected_lima_scenario,knn_inverse_distance_rate,mode_fallback
LIMA_P0_BRT_LIM-0031_LIM-0032_0,LIMA_P0_BRT_LIM-0031_LIM-0032_0,BRT,0.0,,,LIM-0031,LIM-0032,0,95.62635082620868,projected_lima_scenario,knn_inverse_distance_rate,mode_fallback
LIMA_P0_BRT_LIM-0032_LIM-0031_0,LIMA_P0_BRT_LIM-0032_LIM-0031_0,BRT,1.0,,,LIM-0032,LIM-0031,0,95.62635082620868,projected_lima_scenario,knn_inverse_distance_rate,mode_fallback
LIMA_P0_BRT_LIM-0032_LIM-0033_0,LIMA_P0_BRT_LIM-0032_LIM-0033_0,BRT,0.0,,,LIM-0032,LIM-0033,0,91.34369550741505,projected_lima_scenario,knn_inverse_distance_rate,mode_fallback
LIMA_P0_BRT_LIM-0033_LIM-0032_0,LIMA_P0_BRT_LIM-0033_LIM-0032_0,BRT,1.0,,,LIM-0033,LIM-0032,0,91.34369550741505,projected_lima_scenario,knn_inverse_distance_rate,mode_fallback
LIMA_P0_BRT_LIM-0033_LIM-0034_0,LIMA_P0_BRT_LIM-0033_LIM-0034_0,BRT,0.0,,,LIM-0033,LIM-0034,0,93.58705795692586,projected_lima_scenario,knn_inverse_distance_rate,mode_fallback
LIMA_P0_TRANSFER_LIM-0033_LIM-0182_0,LIMA_P0_TRANSFER_LIM-0033_LIM-0182_0,TRANSFER,,,,LIM-0033,LIM-0182,0,151.55153797448833,projected_lima_scenario,transfer_walk_rule,rule_based_transfer
LIMA_P0_BRT_LIM-0034_LIM-0033_0,LIMA_P0_BRT_LIM-0034_LIM-0033_0,BRT,1.0,,,LIM-0034,LIM-0033,0,93.58705795692586,projected_lima_scenario,knn_inverse_distance_rate,mode_fallback
LIMA_P0_BRT_LIM-0034_LIM-0035_0,LIMA_P0_BRT_LIM-0034_LIM-0035_0,BRT,0.0,,,LIM-0034,LIM-0035,0,109.66929494670725,projected_lima_scenario,knn_inverse_distance_rate,mode_fallback
LIMA_P0_BRT_LIM-0035_LIM-0034_0,LIMA_P0_BRT_LIM-0035_LIM-0034_0,BRT,1.0,,,LIM-0035,LIM-0034,0,109.66929494670725,projected_lima_scenario,knn_inverse_distance_rate,mode_fallback
LIMA_P0_BRT_LIM-0035_LIM-0036_0,LIMA_P0_BRT_LIM-0035_LIM-0036_0,BRT,0.0,,,LIM-0035,LIM-0036,0,88.02051266825504,projected_lima_scenario,knn_inverse_distance_rate,mode_fallback
LIMA_P0_TRANSFER_LIM-0035_LIM-0105_0,LIMA_P0_TRANSFER_LIM-0035_LIM-0105_0,TRANSFER,,,,LIM-0035,LIM-0105,0,111.91347302683042,projected_lima_scenario,transfer_walk_rule,rule_based_transfer
LIMA_P0_BRT_LIM-0036_LIM-0035_0,LIMA_P0_BRT_LIM-0036_LIM-0035_0,BRT,1.0,,,LIM-0036,LIM-0035,0,88.02051266825504,projected_lima_scenario,knn_inverse_distance_rate,mode_fallback
LIMA_P0_BRT_LIM-0036_LIM-0037_0,LIMA_P0_BRT_LIM-0036_LIM-0037_0,BRT,0.0,,,LIM-0036,LIM-0037,0,110.64886757136547,projected_lima_scenario,knn_inverse_distance_rate,mode_fallback
LIMA_P0_BRT_LIM-0037_LIM-0036_0,LIMA_P0_BRT_LIM-0037_LIM-0036_0,BRT,1.0,,,LIM-0037,LIM-0036,0,110.64886757136547,projected_lima_scenario,knn_inverse_distance_rate,mode_fallback
LIMA_P0_BRT_LIM-0037_LIM-0038_0,LIMA_P0_BRT_LIM-0037_LIM-0038_0,BRT,0.0,,,LIM-0037,LIM-0038,0,103.7410708086575,projected_lima_scenario,knn_inverse_distance_rate,mode_fallback
LIMA_P0_TRANSFER_LIM-0037_LIM-0165_0,LIMA_P0_TRANSFER_LIM-0037_LIM-0165_0,TRANSFER,,,,LIM-0037,LIM-0165,0,234.19078233937253,projected_lima_scenario,transfer_walk_rule,rule_based_transfer
LIMA_P0_BRT_LIM-0038_LIM-0037_0,LIMA_P0_BRT_LIM-0038_LIM-0037_0,BRT,1.0,,,LIM-0038,LIM-0037,0,103.7410708086575,projected_lima_scenario,knn_inverse_distance_rate,mode_fallback
LIMA_P0_BRT_LIM-0038_LIM-0039_0,LIMA_P0_BRT_LIM-0038_LIM-0039_0,BRT,0.0,,,LIM-0038,LIM-0039,0,118.85885641010447,projected_lima_scenario,knn_inverse_distance_rate,mode_fallback
LIMA_P0_TRANSFER_LIM-0038_LIM-0164_0,LIMA_P0_TRANSFER_LIM-0038_LIM-0164_0,TRANSFER,,,,LIM-0038,LIM-0164,0,96.8909657674715,projected_lima_scenario,transfer_walk_rule,rule_based_transfer
LIMA_P0_BRT_LIM-0039_LIM-0038_0,LIMA_P0_BRT_LIM-0039_LIM-0038_0,BRT,1.0,,,LIM-0039,LIM-0038,0,118.85885641010447,projected_lima_scenario,knn_inverse_distance_rate,mode_fallback
LIMA_P0_BRT_LIM-0039_LIM-0040_0,LIMA_P0_BRT_LIM-0039_LIM-0040_0,BRT,0.0,,,LIM-0039,LIM-0040,0,84.6098304915408,projected_lima_scenario,knn_inverse_distance_rate,mode_fallback
LIMA_P0_BRT_LIM-0040_LIM-0039_0,LIMA_P0_BRT_LIM-0040_LIM-0039_0,BRT,1.0,,,LIM-0040,LIM-0039,0,84.6098304915408,projected_lima_scenario,knn_inverse_distance_rate,mode_fallback
LIMA_P0_BRT_LIM-0040_LIM-0041_0,LIMA_P0_BRT_LIM-0040_LIM-0041_0,BRT,0.0,,,LIM-0040,LIM-0041,0,84.56068170096616,projected_lima_scenario,knn_inverse_distance_rate,mode_fallback
LIMA_P0_BRT_LIM-0041_LIM-0040_0,LIMA_P0_BRT_LIM-0041_LIM-0040_0,BRT,1.0,,,LIM-0041,LIM-0040,0,84.56068170096616,projected_lima_scenario,knn_inverse_distance_rate,mode_fallback
LIMA_P0_BRT_LIM-0041_LIM-0042_0,LIMA_P0_BRT_LIM-0041_LIM-0042_0,BRT,0.0,,,LIM-0041,LIM-0042,0,124.84359690208622,projected_lima_scenario,knn_inverse_distance_rate,mode_fallback
LIMA_P0_BRT_LIM-0042_LIM-0041_0,LIMA_P0_BRT_LIM-0042_LIM-0041_0,BRT,1.0,,,LIM-0042,LIM-0041,0,124.84359690208622,projected_lima_scenario,knn_inverse_distance_rate,mode_fallback
LIMA_P0_BRT_LIM-0042_LIM-0043_0,LIMA_P0_BRT_LIM-0042_LIM-0043_0,BRT,0.0,,,LIM-0042,LIM-0043,0,100.00118738474322,projected_lima_scenario,knn_inverse_distance_rate,mode_fallback
LIMA_P0_BRT_LIM-0043_LIM-0042_0,LIMA_P0_BRT_LIM-0043_LIM-0042_0,BRT,1.0,,,LIM-0043,LIM-0042,0,100.00118738474322,projected_lima_scenario,knn_inverse_distance_rate,mode_fallback
LIMA_P0_BRT_LIM-0043_LIM-0044_0,LIMA_P0_BRT_LIM-0043_LIM-0044_0,BRT,0.0,,,LIM-0043,LIM-0044,0,112.82985781778835,projected_lima_scenario,knn_inverse_distance_rate,mode_fallback
LIMA_P0_BRT_LIM-0044_LIM-0043_0,LIMA_P0_BRT_LIM-0044_LIM-0043_0,BRT,1.0,,,LIM-0044,LIM-0043,0,112.82985781778835,projected_lima_scenario,knn_inverse_distance_rate,mode_fallback
LIMA_P0_L1_LIM-0045_LIM-0046_0,LIMA_P0_L1_LIM-0045_LIM-0046_0,L1,0.0,,,LIM-0045,LIM-0046,0,149.0221015036853,projected_lima_scenario,knn_inverse_distance_rate,mode_fallback
LIMA_P0_L1_LIM-0046_LIM-0045_0,LIMA_P0_L1_LIM-0046_LIM-0045_0,L1,1.0,,,LIM-0046,LIM-0045,0,149.0221015036853,projected_lima_scenario,knn_inverse_distance_rate,mode_fallback
LIMA_P0_L1_LIM-0046_LIM-0047_0,LIMA_P0_L1_LIM-0046_LIM-0047_0,L1,0.0,,,LIM-0046,LIM-0047,0,179.07005960692237,projected_lima_scenario,knn_inverse_distance_rate,mode_fallback
LIMA_P0_L1_LIM-0047_LIM-0046_0,LIMA_P0_L1_LIM-0047_LIM-0046_0,L1,1.0,,,LIM-0047,LIM-0046,0,179.07005960692237,projected_lima_scenario,knn_inverse_distance_rate,mode_fallback
LIMA_P0_L1_LIM-0047_LIM-0048_0,LIMA_P0_L1_LIM-0047_LIM-0048_0,L1,0.0,,,LIM-0047,LIM-0048,0,118.20198158665798,projected_lima_scenario,knn_inverse_distance_rate,mode_fallback
LIMA_P0_L1_LIM-0048_LIM-0047_0,LIMA_P0_L1_LIM-0048_LIM-0047_0,L1,1.0,,,LIM-0048,LIM-0047,0,118.20198158665798,projected_lima_scenario,knn_inverse_distance_rate,mode_fallback
LIMA_P0_L1_LIM-0048_LIM-0049_0,LIMA_P0_L1_LIM-0048_LIM-0049_0,L1,0.0,,,LIM-0048,LIM-0049,0,109.05780795018975,projected_lima_scenario,knn_inverse_distance_rate,mode_fallback
LIMA_P0_L1_LIM-0049_LIM-0048_0,LIMA_P0_L1_LIM-0049_LIM-0048_0,L1,1.0,,,LIM-0049,LIM-0048,0,109.05780795018975,projected_lima_scenario,knn_inverse_distance_rate,mode_fallback
LIMA_P0_L1_LIM-0049_LIM-0050_0,LIMA_P0_L1_LIM-0049_LIM-0050_0,L1,0.0,,,LIM-0049,LIM-0050,0,124.58059264114021,projected_lima_scenario,knn_inverse_distance_rate,mode_fallback
LIMA_P0_L1_LIM-0050_LIM-0049_0,LIMA_P0_L1_LIM-0050_LIM-0049_0,L1,1.0,,,LIM-0050,LIM-0049,0,124.58059264114021,projected_lima_scenario,knn_inverse_distance_rate,mode_fallback
LIMA_P0_L1_LIM-0050_LIM-0051_0,LIMA_P0_L1_LIM-0050_LIM-0051_0,L1,0.0,,,LIM-0050,LIM-0051,0,107.73224755752751,projected_lima_scenario,knn_inverse_distance_rate,mode_fallback
LIMA_P0_L1_LIM-0051_LIM-0050_0,LIMA_P0_L1_LIM-0051_LIM-0050_0,L1,1.0,,,LIM-0051,LIM-0050,0,107.73224755752751,projected_lima_scenario,knn_inverse_distance_rate,mode_fallback
LIMA_P0_L1_LIM-0051_LIM-0052_0,LIMA_P0_L1_LIM-0051_LIM-0052_0,L1,0.0,,,LIM-0051,LIM-0052,0,123.87573145479631,projected_lima_scenario,knn_inverse_distance_rate,mode_fallback
LIMA_P0_L1_LIM-0052_LIM-0051_0,LIMA_P0_L1_LIM-0052_LIM-0051_0,L1,1.0,,,LIM-0052,LIM-0051,0,123.87573145479631,projected_lima_scenario,knn_inverse_distance_rate,mode_fallback
LIMA_P0_L1_LIM-0052_LIM-0053_0,LIMA_P0_L1_LIM-0052_LIM-0053_0,L1,0.0,,,LIM-0052,LIM-0053,0,125.99838226992945,projected_lima_scenario,knn_inverse_distance_rate,mode_fallback
LIMA_P0_L1_LIM-0053_LIM-0052_0,LIMA_P0_L1_LIM-0053_LIM-0052_0,L1,1.0,,,LIM-0053,LIM-0052,0,125.99838226992945,projected_lima_scenario,knn_inverse_distance_rate,mode_fallback
LIMA_P0_L1_LIM-0053_LIM-0054_0,LIMA_P0_L1_LIM-0053_LIM-0054_0,L1,0.0,,,LIM-0053,LIM-0054,0,120.7571250955811,projected_lima_scenario,knn_inverse_distance_rate,mode_fallback
LIMA_P0_L1_LIM-0054_LIM-0053_0,LIMA_P0_L1_LIM-0054_LIM-0053_0,L1,1.0,,,LIM-0054,LIM-0053,0,120.7571250955811,projected_lima_scenario,knn_inverse_distance_rate,mode_fallback
LIMA_P0_L1_LIM-0054_LIM-0055_0,LIMA_P0_L1_LIM-0054_LIM-0055_0,L1,0.0,,,LIM-0054,LIM-0055,0,177.17492928219374,projected_lima_scenario,knn_inverse_distance_rate,mode_fallback
LIMA_P0_TRANSFER_LIM-0054_LIM-0102_0,LIMA_P0_TRANSFER_LIM-0054_LIM-0102_0,TRANSFER,,,,LIM-0054,LIM-0102,0,163.70981131441835,projected_lima_scenario,transfer_walk_rule,rule_based_transfer
LIMA_P0_L1_LIM-0055_LIM-0054_0,LIMA_P0_L1_LIM-0055_LIM-0054_0,L1,1.0,,,LIM-0055,LIM-0054,0,177.17492928219374,projected_lima_scenario,knn_inverse_distance_rate,mode_fallback
LIMA_P0_L1_LIM-0055_LIM-0056_0,LIMA_P0_L1_LIM-0055_LIM-0056_0,L1,0.0,,,LIM-0055,LIM-0056,0,106.4368140561672,projected_lima_scenario,knn_inverse_distance_rate,mode_fallback
LIMA_P0_TRANSFER_LIM-0055_LIM-0180_0,LIMA_P0_TRANSFER_LIM-0055_LIM-0180_0,TRANSFER,,,,LIM-0055,LIM-0180,0,106.7512869228112,projected_lima_scenario,transfer_walk_rule,rule_based_transfer
LIMA_P0_L1_LIM-0056_LIM-0055_0,LIMA_P0_L1_LIM-0056_LIM-0055_0,L1,1.0,,,LIM-0056,LIM-0055,0,106.4368140561672,projected_lima_scenario,knn_inverse_distance_rate,mode_fallback
LIMA_P0_L1_LIM-0056_LIM-0057_0,LIMA_P0_L1_LIM-0056_LIM-0057_0,L1,0.0,,,LIM-0056,LIM-0057,0,119.4596987641234,projected_lima_scenario,knn_inverse_distance_rate,mode_fallback
LIMA_P0_L1_LIM-0057_LIM-0056_0,LIMA_P0_L1_LIM-0057_LIM-0056_0,L1,1.0,,,LIM-0057,LIM-0056,0,119.4596987641234,projected_lima_scenario,knn_inverse_distance_rate,mode_fallback
LIMA_P0_L1_LIM-0057_LIM-0058_0,LIMA_P0_L1_LIM-0057_LIM-0058_0,L1,0.0,,,LIM-0057,LIM-0058,0,156.20898603461228,projected_lima_scenario,knn_inverse_distance_rate,mode_fallback
LIMA_P0_TRANSFER_LIM-0057_LIM-0134_0,LIMA_P0_TRANSFER_LIM-0057_LIM-0134_0,TRANSFER,,,,LIM-0057,LIM-0134,0,98.20998940591372,projected_lima_scenario,transfer_walk_rule,rule_based_transfer
LIMA_P0_L1_LIM-0058_LIM-0057_0,LIMA_P0_L1_LIM-0058_LIM-0057_0,L1,1.0,,,LIM-0058,LIM-0057,0,156.20898603461228,projected_lima_scenario,knn_inverse_distance_rate,mode_fallback
LIMA_P0_L1_LIM-0058_LIM-0059_0,LIMA_P0_L1_LIM-0058_LIM-0059_0,L1,0.0,,,LIM-0058,LIM-0059,0,124.5849990783405,projected_lima_scenario,knn_inverse_distance_rate,mode_fallback
LIMA_P0_L1_LIM-0059_LIM-0058_0,LIMA_P0_L1_LIM-0059_LIM-0058_0,L1,1.0,,,LIM-0059,LIM-0058,0,124.5849990783405,projected_lima_scenario,knn_inverse_distance_rate,mode_fallback
LIMA_P0_L1_LIM-0059_LIM-0060_0,LIMA_P0_L1_LIM-0059_LIM-0060_0,L1,0.0,,,LIM-0059,LIM-0060,0,100.74902601817905,projected_lima_scenario,knn_inverse_distance_rate,mode_fallback
LIMA_P0_L1_LIM-0060_LIM-0059_0,LIMA_P0_L1_LIM-0060_LIM-0059_0,L1,1.0,,,LIM-0060,LIM-0059,0,100.74902601817905,projected_lima_scenario,knn_inverse_distance_rate,mode_fallback
LIMA_P0_L1_LIM-0060_LIM-0061_0,LIMA_P0_L1_LIM-0060_LIM-0061_0,L1,0.0,,,LIM-0060,LIM-0061,0,127.00590027173867,projected_lima_scenario,knn_inverse_distance_rate,mode_fallback
LIMA_P0_L1_LIM-0061_LIM-0060_0,LIMA_P0_L1_LIM-0061_LIM-0060_0,L1,1.0,,,LIM-0061,LIM-0060,0,127.00590027173867,projected_lima_scenario,knn_inverse_distance_rate,mode_fallback
LIMA_P0_L1_LIM-0061_LIM-0062_0,LIMA_P0_L1_LIM-0061_LIM-0062_0,L1,0.0,,,LIM-0061,LIM-0062,0,97.8635695139554,projected_lima_scenario,knn_inverse_distance_rate,mode_fallback
LIMA_P0_L1_LIM-0062_LIM-0061_0,LIMA_P0_L1_LIM-0062_LIM-0061_0,L1,1.0,,,LIM-0062,LIM-0061,0,97.8635695139554,projected_lima_scenario,knn_inverse_distance_rate,mode_fallback
LIMA_P0_L1_LIM-0062_LIM-0063_0,LIMA_P0_L1_LIM-0062_LIM-0063_0,L1,0.0,,,LIM-0062,LIM-0063,0,119.85316121205683,projected_lima_scenario,knn_inverse_distance_rate,mode_fallback
LIMA_P0_L1_LIM-0063_LIM-0062_0,LIMA_P0_L1_LIM-0063_LIM-0062_0,L1,1.0,,,LIM-0063,LIM-0062,0,119.85316121205683,projected_lima_scenario,knn_inverse_distance_rate,mode_fallback
LIMA_P0_L1_LIM-0063_LIM-0064_0,LIMA_P0_L1_LIM-0063_LIM-0064_0,L1,0.0,,,LIM-0063,LIM-0064,0,137.76148945539603,projected_lima_scenario,knn_inverse_distance_rate,mode_fallback
LIMA_P0_TRANSFER_LIM-0063_LIM-0234_0,LIMA_P0_TRANSFER_LIM-0063_LIM-0234_0,TRANSFER,,,,LIM-0063,LIM-0234,0,86.06579299062675,projected_lima_scenario,transfer_walk_rule,rule_based_transfer
LIMA_P0_L1_LIM-0064_LIM-0063_0,LIMA_P0_L1_LIM-0064_LIM-0063_0,L1,1.0,,,LIM-0064,LIM-0063,0,137.76148945539603,projected_lima_scenario,knn_inverse_distance_rate,mode_fallback
LIMA_P0_L1_LIM-0064_LIM-0065_0,LIMA_P0_L1_LIM-0064_LIM-0065_0,L1,0.0,,,LIM-0064,LIM-0065,0,150.39867848150217,projected_lima_scenario,knn_inverse_distance_rate,mode_fallback
LIMA_P0_L1_LIM-0065_LIM-0064_0,LIMA_P0_L1_LIM-0065_LIM-0064_0,L1,1.0,,,LIM-0065,LIM-0064,0,150.39867848150217,projected_lima_scenario,knn_inverse_distance_rate,mode_fallback
LIMA_P0_L1_LIM-0065_LIM-0066_0,LIMA_P0_L1_LIM-0065_LIM-0066_0,L1,0.0,,,LIM-0065,LIM-0066,0,106.01324083386022,projected_lima_scenario,knn_inverse_distance_rate,mode_fallback
LIMA_P0_L1_LIM-0066_LIM-0065_0,LIMA_P0_L1_LIM-0066_LIM-0065_0,L1,1.0,,,LIM-0066,LIM-0065,0,106.01324083386022,projected_lima_scenario,knn_inverse_distance_rate,mode_fallback
LIMA_P0_L1_LIM-0066_LIM-0067_0,LIMA_P0_L1_LIM-0066_LIM-0067_0,L1,0.0,,,LIM-0066,LIM-0067,0,137.10256935859283,projected_lima_scenario,knn_inverse_distance_rate,mode_fallback
LIMA_P0_L1_LIM-0067_LIM-0066_0,LIMA_P0_L1_LIM-0067_LIM-0066_0,L1,1.0,,,LIM-0067,LIM-0066,0,137.10256935859283,projected_lima_scenario,knn_inverse_distance_rate,mode_fallback
LIMA_P0_L1_LIM-0067_LIM-0068_0,LIMA_P0_L1_LIM-0067_LIM-0068_0,L1,0.0,,,LIM-0067,LIM-0068,0,148.7817936130473,projected_lima_scenario,knn_inverse_distance_rate,mode_fallback
LIMA_P0_L1_LIM-0068_LIM-0067_0,LIMA_P0_L1_LIM-0068_LIM-0067_0,L1,1.0,,,LIM-0068,LIM-0067,0,148.7817936130473,projected_lima_scenario,knn_inverse_distance_rate,mode_fallback
LIMA_P0_L1_LIM-0068_LIM-0069_0,LIMA_P0_L1_LIM-0068_LIM-0069_0,L1,0.0,,,LIM-0068,LIM-0069,0,122.59528058149006,projected_lima_scenario,knn_inverse_distance_rate,mode_fallback
LIMA_P0_L1_LIM-0069_LIM-0068_0,LIMA_P0_L1_LIM-0069_LIM-0068_0,L1,1.0,,,LIM-0069,LIM-0068,0,122.59528058149006,projected_lima_scenario,knn_inverse_distance_rate,mode_fallback
LIMA_P0_L1_LIM-0069_LIM-0070_0,LIMA_P0_L1_LIM-0069_LIM-0070_0,L1,0.0,,,LIM-0069,LIM-0070,0,129.35417082799734,projected_lima_scenario,knn_inverse_distance_rate,mode_fallback
LIMA_P0_L1_LIM-0070_LIM-0069_0,LIMA_P0_L1_LIM-0070_LIM-0069_0,L1,1.0,,,LIM-0070,LIM-0069,0,129.35417082799734,projected_lima_scenario,knn_inverse_distance_rate,mode_fallback
LIMA_P0_L2_LIM-0071_LIM-0072_0,LIMA_P0_L2_LIM-0071_LIM-0072_0,L2,0.0,,,LIM-0071,LIM-0072,0,120.83784296772912,projected_lima_scenario,knn_inverse_distance_rate,mode_fallback
LIMA_P0_L2_LIM-0072_LIM-0071_0,LIMA_P0_L2_LIM-0072_LIM-0071_0,L2,1.0,,,LIM-0072,LIM-0071,0,120.83784296772912,projected_lima_scenario,knn_inverse_distance_rate,mode_fallback
LIMA_P0_L2_LIM-0072_LIM-0073_0,LIMA_P0_L2_LIM-0072_LIM-0073_0,L2,0.0,,,LIM-0072,LIM-0073,0,99.50677757799038,projected_lima_scenario,knn_inverse_distance_rate,mode_fallback
LIMA_P0_L2_LIM-0073_LIM-0072_0,LIMA_P0_L2_LIM-0073_LIM-0072_0,L2,1.0,,,LIM-0073,LIM-0072,0,99.50677757799038,projected_lima_scenario,knn_inverse_distance_rate,mode_fallback
LIMA_P0_L2_LIM-0073_LIM-0074_0,LIMA_P0_L2_LIM-0073_LIM-0074_0,L2,0.0,,,LIM-0073,LIM-0074,0,105.95683852820221,projected_lima_scenario,knn_inverse_distance_rate,mode_fallback
LIMA_P0_L2_LIM-0074_LIM-0073_0,LIMA_P0_L2_LIM-0074_LIM-0073_0,L2,1.0,,,LIM-0074,LIM-0073,0,105.95683852820221,projected_lima_scenario,knn_inverse_distance_rate,mode_fallback
LIMA_P0_L2_LIM-0074_LIM-0075_0,LIMA_P0_L2_LIM-0074_LIM-0075_0,L2,0.0,,,LIM-0074,LIM-0075,0,105.67036675871239,projected_lima_scenario,knn_inverse_distance_rate,mode_fallback
LIMA_P0_TRANSFER_LIM-0074_LIM-0126_0,LIMA_P0_TRANSFER_LIM-0074_LIM-0126_0,TRANSFER,,,,LIM-0074,LIM-0126,0,123.86095820517727,projected_lima_scenario,transfer_walk_rule,rule_based_transfer
LIMA_P0_L2_LIM-0075_LIM-0074_0,LIMA_P0_L2_LIM-0075_LIM-0074_0,L2,1.0,,,LIM-0075,LIM-0074,0,105.67036675871239,projected_lima_scenario,knn_inverse_distance_rate,mode_fallback
LIMA_P0_L2_LIM-0075_LIM-0076_0,LIMA_P0_L2_LIM-0075_LIM-0076_0,L2,0.0,,,LIM-0075,LIM-0076,0,115.78687820740598,projected_lima_scenario,knn_inverse_distance_rate,mode_fallback
LIMA_P0_L2_LIM-0076_LIM-0075_0,LIMA_P0_L2_LIM-0076_LIM-0075_0,L2,1.0,,,LIM-0076,LIM-0075,0,115.78687820740598,projected_lima_scenario,knn_inverse_distance_rate,mode_fallback
LIMA_P0_L2_LIM-0076_LIM-0077_0,LIMA_P0_L2_LIM-0076_LIM-0077_0,L2,0.0,,,LIM-0076,LIM-0077,0,99.92639719612708,projected_lima_scenario,knn_inverse_distance_rate,mode_fallback
LIMA_P0_L2_LIM-0077_LIM-0076_0,LIMA_P0_L2_LIM-0077_LIM-0076_0,L2,1.0,,,LIM-0077,LIM-0076,0,99.92639719612708,projected_lima_scenario,knn_inverse_distance_rate,mode_fallback
LIMA_P0_L2_LIM-0077_LIM-0078_0,LIMA_P0_L2_LIM-0077_LIM-0078_0,L2,0.0,,,LIM-0077,LIM-0078,0,132.5459262805931,projected_lima_scenario,knn_inverse_distance_rate,mode_fallback
LIMA_P0_TRANSFER_LIM-0077_LIM-0171_0,LIMA_P0_TRANSFER_LIM-0077_LIM-0171_0,TRANSFER,,,,LIM-0077,LIM-0171,0,137.14523982529434,projected_lima_scenario,transfer_walk_rule,rule_based_transfer
LIMA_P0_L2_LIM-0078_LIM-0077_0,LIMA_P0_L2_LIM-0078_LIM-0077_0,L2,1.0,,,LIM-0078,LIM-0077,0,132.5459262805931,projected_lima_scenario,knn_inverse_distance_rate,mode_fallback
LIMA_P0_L2_LIM-0078_LIM-0079_0,LIMA_P0_L2_LIM-0078_LIM-0079_0,L2,0.0,,,LIM-0078,LIM-0079,0,130.80304732788522,projected_lima_scenario,knn_inverse_distance_rate,mode_fallback
LIMA_P0_L2_LIM-0079_LIM-0078_0,LIMA_P0_L2_LIM-0079_LIM-0078_0,L2,1.0,,,LIM-0079,LIM-0078,0,130.80304732788522,projected_lima_scenario,knn_inverse_distance_rate,mode_fallback
LIMA_P0_L2_LIM-0079_LIM-0080_0,LIMA_P0_L2_LIM-0079_LIM-0080_0,L2,0.0,,,LIM-0079,LIM-0080,0,180.90805825139103,projected_lima_scenario,knn_inverse_distance_rate,mode_fallback
LIMA_P0_L2_LIM-0080_LIM-0079_0,LIMA_P0_L2_LIM-0080_LIM-0079_0,L2,1.0,,,LIM-0080,LIM-0079,0,180.90805825139103,projected_lima_scenario,knn_inverse_distance_rate,mode_fallback
LIMA_P0_L2_LIM-0080_LIM-0081_0,LIMA_P0_L2_LIM-0080_LIM-0081_0,L2,0.0,,,LIM-0080,LIM-0081,0,99.3001257066877,projected_lima_scenario,knn_inverse_distance_rate,mode_fallback
LIMA_P0_L2_LIM-0081_LIM-0080_0,LIMA_P0_L2_LIM-0081_LIM-0080_0,L2,1.0,,,LIM-0081,LIM-0080,0,99.3001257066877,projected_lima_scenario,knn_inverse_distance_rate,mode_fallback
LIMA_P0_L2_LIM-0081_LIM-0082_0,LIMA_P0_L2_LIM-0081_LIM-0082_0,L2,0.0,,,LIM-0081,LIM-0082,0,76.60291085671656,projected_lima_scenario,knn_inverse_distance_rate,mode_fallback
LIMA_P0_L2_LIM-0082_LIM-0081_0,LIMA_P0_L2_LIM-0082_LIM-0081_0,L2,1.0,,,LIM-0082,LIM-0081,0,76.60291085671656,projected_lima_scenario,knn_inverse_distance_rate,mode_fallback
LIMA_P0_L2_LIM-0082_LIM-0083_0,LIMA_P0_L2_LIM-0082_LIM-0083_0,L2,0.0,,,LIM-0082,LIM-0083,0,122.49697778538398,projected_lima_scenario,knn_inverse_distance_rate,mode_fallback
LIMA_P0_L2_LIM-0083_LIM-0082_0,LIMA_P0_L2_LIM-0083_LIM-0082_0,L2,1.0,,,LIM-0083,LIM-0082,0,122.49697778538398,projected_lima_scenario,knn_inverse_distance_rate,mode_fallback
LIMA_P0_L2_LIM-0083_LIM-0084_0,LIMA_P0_L2_LIM-0083_LIM-0084_0,L2,0.0,,,LIM-0083,LIM-0084,0,116.08935269599897,projected_lima_scenario,knn_inverse_distance_rate,mode_fallback
LIMA_P0_L2_LIM-0084_LIM-0083_0,LIMA_P0_L2_LIM-0084_LIM-0083_0,L2,1.0,,,LIM-0084,LIM-0083,0,116.08935269599897,projected_lima_scenario,knn_inverse_distance_rate,mode_fallback
LIMA_P0_L2_LIM-0084_LIM-0085_0,LIMA_P0_L2_LIM-0084_LIM-0085_0,L2,0.0,,,LIM-0084,LIM-0085,0,81.50944039872182,projected_lima_scenario,knn_inverse_distance_rate,mode_fallback
LIMA_P0_L2_LIM-0085_LIM-0084_0,LIMA_P0_L2_LIM-0085_LIM-0084_0,L2,1.0,,,LIM-0085,LIM-0084,0,81.50944039872182,projected_lima_scenario,knn_inverse_distance_rate,mode_fallback
LIMA_P0_L2_LIM-0085_LIM-0086_0,LIMA_P0_L2_LIM-0085_LIM-0086_0,L2,0.0,,,LIM-0085,LIM-0086,0,94.99633603537507,projected_lima_scenario,knn_inverse_distance_rate,mode_fallback
LIMA_P0_TRANSFER_LIM-0085_LIM-0228_0,LIMA_P0_TRANSFER_LIM-0085_LIM-0228_0,TRANSFER,,,,LIM-0085,LIM-0228,0,215.4440918623672,projected_lima_scenario,transfer_walk_rule,rule_based_transfer
LIMA_P0_L2_LIM-0086_LIM-0085_0,LIMA_P0_L2_LIM-0086_LIM-0085_0,L2,1.0,,,LIM-0086,LIM-0085,0,94.99633603537507,projected_lima_scenario,knn_inverse_distance_rate,mode_fallback
LIMA_P0_L2_LIM-0086_LIM-0087_0,LIMA_P0_L2_LIM-0086_LIM-0087_0,L2,0.0,,,LIM-0086,LIM-0087,0,117.56634390898151,projected_lima_scenario,knn_inverse_distance_rate,mode_fallback
LIMA_P0_L2_LIM-0087_LIM-0086_0,LIMA_P0_L2_LIM-0087_LIM-0086_0,L2,1.0,,,LIM-0087,LIM-0086,0,117.56634390898151,projected_lima_scenario,knn_inverse_distance_rate,mode_fallback
LIMA_P0_L2_LIM-0087_LIM-0088_0,LIMA_P0_L2_LIM-0087_LIM-0088_0,L2,0.0,,,LIM-0087,LIM-0088,0,87.57273741661325,projected_lima_scenario,knn_inverse_distance_rate,mode_fallback
LIMA_P0_L2_LIM-0088_LIM-0087_0,LIMA_P0_L2_LIM-0088_LIM-0087_0,L2,1.0,,,LIM-0088,LIM-0087,0,87.57273741661325,projected_lima_scenario,knn_inverse_distance_rate,mode_fallback
LIMA_P0_L2_LIM-0088_LIM-0089_0,LIMA_P0_L2_LIM-0088_LIM-0089_0,L2,0.0,,,LIM-0088,LIM-0089,0,108.15983833604275,projected_lima_scenario,knn_inverse_distance_rate,mode_fallback
LIMA_P0_L2_LIM-0089_LIM-0088_0,LIMA_P0_L2_LIM-0089_LIM-0088_0,L2,1.0,,,LIM-0089,LIM-0088,0,108.15983833604275,projected_lima_scenario,knn_inverse_distance_rate,mode_fallback
LIMA_P0_L2_LIM-0089_LIM-0090_0,LIMA_P0_L2_LIM-0089_LIM-0090_0,L2,0.0,,,LIM-0089,LIM-0090,0,116.19604834052059,projected_lima_scenario,knn_inverse_distance_rate,mode_fallback
LIMA_P0_L2_LIM-0090_LIM-0089_0,LIMA_P0_L2_LIM-0090_LIM-0089_0,L2,1.0,,,LIM-0090,LIM-0089,0,116.19604834052059,projected_lima_scenario,knn_inverse_distance_rate,mode_fallback
LIMA_P0_L2_LIM-0090_LIM-0091_0,LIMA_P0_L2_LIM-0090_LIM-0091_0,L2,0.0,,,LIM-0090,LIM-0091,0,102.20351984985642,projected_lima_scenario,knn_inverse_distance_rate,mode_fallback
LIMA_P0_L2_LIM-0091_LIM-0090_0,LIMA_P0_L2_LIM-0091_LIM-0090_0,L2,1.0,,,LIM-0091,LIM-0090,0,102.20351984985642,projected_lima_scenario,knn_inverse_distance_rate,mode_fallback
LIMA_P0_L2_LIM-0091_LIM-0092_0,LIMA_P0_L2_LIM-0091_LIM-0092_0,L2,0.0,,,LIM-0091,LIM-0092,0,102.28736540327205,projected_lima_scenario,knn_inverse_distance_rate,mode_fallback
LIMA_P0_TRANSFER_LIM-0091_LIM-0192_0,LIMA_P0_TRANSFER_LIM-0091_LIM-0192_0,TRANSFER,,,,LIM-0091,LIM-0192,0,113.87653357740062,projected_lima_scenario,transfer_walk_rule,rule_based_transfer
LIMA_P0_L2_LIM-0092_LIM-0091_0,LIMA_P0_L2_LIM-0092_LIM-0091_0,L2,1.0,,,LIM-0092,LIM-0091,0,102.28736540327205,projected_lima_scenario,knn_inverse_distance_rate,mode_fallback
LIMA_P0_L2_LIM-0092_LIM-0093_0,LIMA_P0_L2_LIM-0092_LIM-0093_0,L2,0.0,,,LIM-0092,LIM-0093,0,110.89213788120225,projected_lima_scenario,knn_inverse_distance_rate,mode_fallback
LIMA_P0_L2_LIM-0093_LIM-0092_0,LIMA_P0_L2_LIM-0093_LIM-0092_0,L2,1.0,,,LIM-0093,LIM-0092,0,110.89213788120225,projected_lima_scenario,knn_inverse_distance_rate,mode_fallback
LIMA_P0_L2_LIM-0093_LIM-0094_0,LIMA_P0_L2_LIM-0093_LIM-0094_0,L2,0.0,,,LIM-0093,LIM-0094,0,100.54470030864299,projected_lima_scenario,knn_inverse_distance_rate,mode_fallback
LIMA_P0_TRANSFER_LIM-0093_LIM-0146_0,LIMA_P0_TRANSFER_LIM-0093_LIM-0146_0,TRANSFER,,,,LIM-0093,LIM-0146,0,81.42128766126064,projected_lima_scenario,transfer_walk_rule,rule_based_transfer
LIMA_P0_L2_LIM-0094_LIM-0093_0,LIMA_P0_L2_LIM-0094_LIM-0093_0,L2,1.0,,,LIM-0094,LIM-0093,0,100.54470030864299,projected_lima_scenario,knn_inverse_distance_rate,mode_fallback
LIMA_P0_L2_LIM-0094_LIM-0095_0,LIMA_P0_L2_LIM-0094_LIM-0095_0,L2,0.0,,,LIM-0094,LIM-0095,0,102.06599126625419,projected_lima_scenario,knn_inverse_distance_rate,mode_fallback
LIMA_P0_L2_LIM-0095_LIM-0094_0,LIMA_P0_L2_LIM-0095_LIM-0094_0,L2,1.0,,,LIM-0095,LIM-0094,0,102.06599126625419,projected_lima_scenario,knn_inverse_distance_rate,mode_fallback
LIMA_P0_L2_LIM-0095_LIM-0096_0,LIMA_P0_L2_LIM-0095_LIM-0096_0,L2,0.0,,,LIM-0095,LIM-0096,0,135.41056855106132,projected_lima_scenario,knn_inverse_distance_rate,mode_fallback
LIMA_P0_TRANSFER_LIM-0095_LIM-0249_0,LIMA_P0_TRANSFER_LIM-0095_LIM-0249_0,TRANSFER,,,,LIM-0095,LIM-0249,0,115.64529721591035,projected_lima_scenario,transfer_walk_rule,rule_based_transfer
LIMA_P0_L2_LIM-0096_LIM-0095_0,LIMA_P0_L2_LIM-0096_LIM-0095_0,L2,1.0,,,LIM-0096,LIM-0095,0,135.41056855106132,projected_lima_scenario,knn_inverse_distance_rate,mode_fallback
LIMA_P0_L2_LIM-0096_LIM-0097_0,LIMA_P0_L2_LIM-0096_LIM-0097_0,L2,0.0,,,LIM-0096,LIM-0097,0,136.5862866705007,projected_lima_scenario,knn_inverse_distance_rate,mode_fallback
LIMA_P0_L2_LIM-0097_LIM-0096_0,LIMA_P0_L2_LIM-0097_LIM-0096_0,L2,1.0,,,LIM-0097,LIM-0096,0,136.5862866705007,projected_lima_scenario,knn_inverse_distance_rate,mode_fallback
LIMA_P0_L3_LIM-0098_LIM-0099_0,LIMA_P0_L3_LIM-0098_LIM-0099_0,L3,0.0,,,LIM-0098,LIM-0099,0,108.45167681393785,projected_lima_scenario,knn_inverse_distance_rate,mode_fallback
LIMA_P0_L3_LIM-0099_LIM-0098_0,LIMA_P0_L3_LIM-0099_LIM-0098_0,L3,1.0,,,LIM-0099,LIM-0098,0,108.45167681393785,projected_lima_scenario,knn_inverse_distance_rate,mode_fallback
LIMA_P0_L3_LIM-0099_LIM-0100_0,LIMA_P0_L3_LIM-0099_LIM-0100_0,L3,0.0,,,LIM-0099,LIM-0100,0,177.80471974521433,projected_lima_scenario,knn_inverse_distance_rate,mode_fallback
LIMA_P0_L3_LIM-0100_LIM-0099_0,LIMA_P0_L3_LIM-0100_LIM-0099_0,L3,1.0,,,LIM-0100,LIM-0099,0,177.80471974521433,projected_lima_scenario,knn_inverse_distance_rate,mode_fallback
LIMA_P0_L3_LIM-0100_LIM-0101_0,LIMA_P0_L3_LIM-0100_LIM-0101_0,L3,0.0,,,LIM-0100,LIM-0101,0,125.27069730921293,projected_lima_scenario,knn_inverse_distance_rate,mode_fallback
LIMA_P0_L3_LIM-0101_LIM-0100_0,LIMA_P0_L3_LIM-0101_LIM-0100_0,L3,1.0,,,LIM-0101,LIM-0100,0,125.27069730921293,projected_lima_scenario,knn_inverse_distance_rate,mode_fallback
LIMA_P0_L3_LIM-0101_LIM-0102_0,LIMA_P0_L3_LIM-0101_LIM-0102_0,L3,0.0,,,LIM-0101,LIM-0102,0,136.2737145079149,projected_lima_scenario,knn_inverse_distance_rate,mode_fallback
LIMA_P0_L3_LIM-0102_LIM-0101_0,LIMA_P0_L3_LIM-0102_LIM-0101_0,L3,1.0,,,LIM-0102,LIM-0101,0,136.2737145079149,projected_lima_scenario,knn_inverse_distance_rate,mode_fallback
LIMA_P0_L3_LIM-0102_LIM-0103_0,LIMA_P0_L3_LIM-0102_LIM-0103_0,L3,0.0,,,LIM-0102,LIM-0103,0,119.14060470999478,projected_lima_scenario,knn_inverse_distance_rate,mode_fallback
LIMA_P0_TRANSFER_LIM-0102_LIM-0054_0,LIMA_P0_TRANSFER_LIM-0102_LIM-0054_0,TRANSFER,,,,LIM-0102,LIM-0054,0,163.70981131441835,projected_lima_scenario,transfer_walk_rule,rule_based_transfer
LIMA_P0_L3_LIM-0103_LIM-0102_0,LIMA_P0_L3_LIM-0103_LIM-0102_0,L3,1.0,,,LIM-0103,LIM-0102,0,119.14060470999478,projected_lima_scenario,knn_inverse_distance_rate,mode_fallback
LIMA_P0_L3_LIM-0103_LIM-0104_0,LIMA_P0_L3_LIM-0103_LIM-0104_0,L3,0.0,,,LIM-0103,LIM-0104,0,99.45940214045127,projected_lima_scenario,knn_inverse_distance_rate,mode_fallback
LIMA_P0_L3_LIM-0104_LIM-0103_0,LIMA_P0_L3_LIM-0104_LIM-0103_0,L3,1.0,,,LIM-0104,LIM-0103,0,99.45940214045127,projected_lima_scenario,knn_inverse_distance_rate,mode_fallback
LIMA_P0_L3_LIM-0104_LIM-0105_0,LIMA_P0_L3_LIM-0104_LIM-0105_0,L3,0.0,,,LIM-0104,LIM-0105,0,83.51298282089411,projected_lima_scenario,knn_inverse_distance_rate,mode_fallback
LIMA_P0_TRANSFER_LIM-0104_LIM-0166_0,LIMA_P0_TRANSFER_LIM-0104_LIM-0166_0,TRANSFER,,,,LIM-0104,LIM-0166,0,73.33667732893538,projected_lima_scenario,transfer_walk_rule,rule_based_transfer
LIMA_P0_L3_LIM-0105_LIM-0104_0,LIMA_P0_L3_LIM-0105_LIM-0104_0,L3,1.0,,,LIM-0105,LIM-0104,0,83.51298282089411,projected_lima_scenario,knn_inverse_distance_rate,mode_fallback
LIMA_P0_L3_LIM-0105_LIM-0106_0,LIMA_P0_L3_LIM-0105_LIM-0106_0,L3,0.0,,,LIM-0105,LIM-0106,0,93.5588190739594,projected_lima_scenario,knn_inverse_distance_rate,mode_fallback
LIMA_P0_TRANSFER_LIM-0105_LIM-0035_0,LIMA_P0_TRANSFER_LIM-0105_LIM-0035_0,TRANSFER,,,,LIM-0105,LIM-0035,0,111.91347302683042,projected_lima_scenario,transfer_walk_rule,rule_based_transfer
LIMA_P0_L3_LIM-0106_LIM-0105_0,LIMA_P0_L3_LIM-0106_LIM-0105_0,L3,1.0,,,LIM-0106,LIM-0105,0,93.5588190739594,projected_lima_scenario,knn_inverse_distance_rate,mode_fallback
LIMA_P0_L3_LIM-0106_LIM-0107_0,LIMA_P0_L3_LIM-0106_LIM-0107_0,L3,0.0,,,LIM-0106,LIM-0107,0,122.27381062628916,projected_lima_scenario,knn_inverse_distance_rate,mode_fallback
LIMA_P0_L3_LIM-0107_LIM-0106_0,LIMA_P0_L3_LIM-0107_LIM-0106_0,L3,1.0,,,LIM-0107,LIM-0106,0,122.27381062628916,projected_lima_scenario,knn_inverse_distance_rate,mode_fallback
LIMA_P0_L3_LIM-0107_LIM-0108_0,LIMA_P0_L3_LIM-0107_LIM-0108_0,L3,0.0,,,LIM-0107,LIM-0108,0,99.81566939027255,projected_lima_scenario,knn_inverse_distance_rate,mode_fallback
LIMA_P0_L3_LIM-0108_LIM-0107_0,LIMA_P0_L3_LIM-0108_LIM-0107_0,L3,1.0,,,LIM-0108,LIM-0107,0,99.81566939027255,projected_lima_scenario,knn_inverse_distance_rate,mode_fallback
LIMA_P0_L3_LIM-0108_LIM-0109_0,LIMA_P0_L3_LIM-0108_LIM-0109_0,L3,0.0,,,LIM-0108,LIM-0109,0,129.34029715124348,projected_lima_scenario,knn_inverse_distance_rate,mode_fallback
LIMA_P0_L3_LIM-0109_LIM-0108_0,LIMA_P0_L3_LIM-0109_LIM-0108_0,L3,1.0,,,LIM-0109,LIM-0108,0,129.34029715124348,projected_lima_scenario,knn_inverse_distance_rate,mode_fallback
LIMA_P0_L3_LIM-0109_LIM-0110_0,LIMA_P0_L3_LIM-0109_LIM-0110_0,L3,0.0,,,LIM-0109,LIM-0110,0,101.77477194641713,projected_lima_scenario,knn_inverse_distance_rate,mode_fallback
LIMA_P0_TRANSFER_LIM-0109_LIM-0137_0,LIMA_P0_TRANSFER_LIM-0109_LIM-0137_0,TRANSFER,,,,LIM-0109,LIM-0137,0,68.63044495636365,projected_lima_scenario,transfer_walk_rule,rule_based_transfer
LIMA_P0_L3_LIM-0110_LIM-0109_0,LIMA_P0_L3_LIM-0110_LIM-0109_0,L3,1.0,,,LIM-0110,LIM-0109,0,101.77477194641713,projected_lima_scenario,knn_inverse_distance_rate,mode_fallback
LIMA_P0_L3_LIM-0110_LIM-0111_0,LIMA_P0_L3_LIM-0110_LIM-0111_0,L3,0.0,,,LIM-0110,LIM-0111,0,92.32653294303088,projected_lima_scenario,knn_inverse_distance_rate,mode_fallback
LIMA_P0_L3_LIM-0111_LIM-0110_0,LIMA_P0_L3_LIM-0111_LIM-0110_0,L3,1.0,,,LIM-0111,LIM-0110,0,92.32653294303088,projected_lima_scenario,knn_inverse_distance_rate,mode_fallback
LIMA_P0_L3_LIM-0111_LIM-0112_0,LIMA_P0_L3_LIM-0111_LIM-0112_0,L3,0.0,,,LIM-0111,LIM-0112,0,100.21422855812902,projected_lima_scenario,knn_inverse_distance_rate,mode_fallback
LIMA_P0_L3_LIM-0112_LIM-0111_0,LIMA_P0_L3_LIM-0112_LIM-0111_0,L3,1.0,,,LIM-0112,LIM-0111,0,100.21422855812902,projected_lima_scenario,knn_inverse_distance_rate,mode_fallback
LIMA_P0_L3_LIM-0112_LIM-0113_0,LIMA_P0_L3_LIM-0112_LIM-0113_0,L3,0.0,,,LIM-0112,LIM-0113,0,114.190657618273,projected_lima_scenario,knn_inverse_distance_rate,mode_fallback
LIMA_P0_L3_LIM-0113_LIM-0112_0,LIMA_P0_L3_LIM-0113_LIM-0112_0,L3,1.0,,,LIM-0113,LIM-0112,0,114.190657618273,projected_lima_scenario,knn_inverse_distance_rate,mode_fallback
LIMA_P0_L3_LIM-0113_LIM-0114_0,LIMA_P0_L3_LIM-0113_LIM-0114_0,L3,0.0,,,LIM-0113,LIM-0114,0,101.11281635611176,projected_lima_scenario,knn_inverse_distance_rate,mode_fallback
LIMA_P0_L3_LIM-0114_LIM-0113_0,LIMA_P0_L3_LIM-0114_LIM-0113_0,L3,1.0,,,LIM-0114,LIM-0113,0,101.11281635611176,projected_lima_scenario,knn_inverse_distance_rate,mode_fallback
LIMA_P0_L3_LIM-0114_LIM-0115_0,LIMA_P0_L3_LIM-0114_LIM-0115_0,L3,0.0,,,LIM-0114,LIM-0115,0,87.73695588481598,projected_lima_scenario,knn_inverse_distance_rate,mode_fallback
LIMA_P0_L3_LIM-0115_LIM-0114_0,LIMA_P0_L3_LIM-0115_LIM-0114_0,L3,1.0,,,LIM-0115,LIM-0114,0,87.73695588481598,projected_lima_scenario,knn_inverse_distance_rate,mode_fallback
LIMA_P0_L3_LIM-0115_LIM-0116_0,LIMA_P0_L3_LIM-0115_LIM-0116_0,L3,0.0,,,LIM-0115,LIM-0116,0,129.56449053059197,projected_lima_scenario,knn_inverse_distance_rate,mode_fallback
LIMA_P0_TRANSFER_LIM-0115_LIM-0022_0,LIMA_P0_TRANSFER_LIM-0115_LIM-0022_0,TRANSFER,,,,LIM-0115,LIM-0022,0,82.86825524600494,projected_lima_scenario,transfer_walk_rule,rule_based_transfer
LIMA_P0_L3_LIM-0116_LIM-0115_0,LIMA_P0_L3_LIM-0116_LIM-0115_0,L3,1.0,,,LIM-0116,LIM-0115,0,129.56449053059197,projected_lima_scenario,knn_inverse_distance_rate,mode_fallback
LIMA_P0_L3_LIM-0116_LIM-0117_0,LIMA_P0_L3_LIM-0116_LIM-0117_0,L3,0.0,,,LIM-0116,LIM-0117,0,160.02197848751956,projected_lima_scenario,knn_inverse_distance_rate,mode_fallback
LIMA_P0_TRANSFER_LIM-0116_LIM-0017_0,LIMA_P0_TRANSFER_LIM-0116_LIM-0017_0,TRANSFER,,,,LIM-0116,LIM-0017,0,202.36994733563333,projected_lima_scenario,transfer_walk_rule,rule_based_transfer
LIMA_P0_L3_LIM-0117_LIM-0116_0,LIMA_P0_L3_LIM-0117_LIM-0116_0,L3,1.0,,,LIM-0117,LIM-0116,0,160.02197848751956,projected_lima_scenario,knn_inverse_distance_rate,mode_fallback
LIMA_P0_L3_LIM-0117_LIM-0118_0,LIMA_P0_L3_LIM-0117_LIM-0118_0,L3,0.0,,,LIM-0117,LIM-0118,0,117.94914432225089,projected_lima_scenario,knn_inverse_distance_rate,mode_fallback
LIMA_P0_L3_LIM-0118_LIM-0117_0,LIMA_P0_L3_LIM-0118_LIM-0117_0,L3,1.0,,,LIM-0118,LIM-0117,0,117.94914432225089,projected_lima_scenario,knn_inverse_distance_rate,mode_fallback
LIMA_P0_L3_LIM-0118_LIM-0119_0,LIMA_P0_L3_LIM-0118_LIM-0119_0,L3,0.0,,,LIM-0118,LIM-0119,0,103.3792708162757,projected_lima_scenario,knn_inverse_distance_rate,mode_fallback
LIMA_P0_L3_LIM-0119_LIM-0118_0,LIMA_P0_L3_LIM-0119_LIM-0118_0,L3,1.0,,,LIM-0119,LIM-0118,0,103.3792708162757,projected_lima_scenario,knn_inverse_distance_rate,mode_fallback
LIMA_P0_L3_LIM-0119_LIM-0120_0,LIMA_P0_L3_LIM-0119_LIM-0120_0,L3,0.0,,,LIM-0119,LIM-0120,0,219.85850154720524,projected_lima_scenario,knn_inverse_distance_rate,mode_fallback
LIMA_P0_TRANSFER_LIM-0119_LIM-0242_0,LIMA_P0_TRANSFER_LIM-0119_LIM-0242_0,TRANSFER,,,,LIM-0119,LIM-0242,0,175.9967943373599,projected_lima_scenario,transfer_walk_rule,rule_based_transfer
LIMA_P0_L3_LIM-0120_LIM-0119_0,LIMA_P0_L3_LIM-0120_LIM-0119_0,L3,1.0,,,LIM-0120,LIM-0119,0,219.85850154720524,projected_lima_scenario,knn_inverse_distance_rate,mode_fallback
LIMA_P0_L3_LIM-0120_LIM-0121_0,LIMA_P0_L3_LIM-0120_LIM-0121_0,L3,0.0,,,LIM-0120,LIM-0121,0,137.1348294829172,projected_lima_scenario,knn_inverse_distance_rate,mode_fallback
LIMA_P0_L3_LIM-0121_LIM-0120_0,LIMA_P0_L3_LIM-0121_LIM-0120_0,L3,1.0,,,LIM-0121,LIM-0120,0,137.1348294829172,projected_lima_scenario,knn_inverse_distance_rate,mode_fallback
LIMA_P0_L3_LIM-0121_LIM-0122_0,LIMA_P0_L3_LIM-0121_LIM-0122_0,L3,0.0,,,LIM-0121,LIM-0122,0,164.79772026129297,projected_lima_scenario,knn_inverse_distance_rate,mode_fallback
LIMA_P0_L3_LIM-0122_LIM-0121_0,LIMA_P0_L3_LIM-0122_LIM-0121_0,L3,1.0,,,LIM-0122,LIM-0121,0,164.79772026129297,projected_lima_scenario,knn_inverse_distance_rate,mode_fallback
LIMA_P0_L3_LIM-0122_LIM-0123_0,LIMA_P0_L3_LIM-0122_LIM-0123_0,L3,0.0,,,LIM-0122,LIM-0123,0,168.72793045756043,projected_lima_scenario,knn_inverse_distance_rate,mode_fallback
LIMA_P0_L3_LIM-0123_LIM-0122_0,LIMA_P0_L3_LIM-0123_LIM-0122_0,L3,1.0,,,LIM-0123,LIM-0122,0,168.72793045756043,projected_lima_scenario,knn_inverse_distance_rate,mode_fallback
LIMA_P0_L3_LIM-0123_LIM-0124_0,LIMA_P0_L3_LIM-0123_LIM-0124_0,L3,0.0,,,LIM-0123,LIM-0124,0,93.63423111508433,projected_lima_scenario,knn_inverse_distance_rate,mode_fallback
LIMA_P0_L3_LIM-0124_LIM-0123_0,LIMA_P0_L3_LIM-0124_LIM-0123_0,L3,1.0,,,LIM-0124,LIM-0123,0,93.63423111508433,projected_lima_scenario,knn_inverse_distance_rate,mode_fallback
LIMA_P0_L3_LIM-0124_LIM-0125_0,LIMA_P0_L3_LIM-0124_LIM-0125_0,L3,0.0,,,LIM-0124,LIM-0125,0,131.9598100394711,projected_lima_scenario,knn_inverse_distance_rate,mode_fallback
LIMA_P0_L3_LIM-0125_LIM-0124_0,LIMA_P0_L3_LIM-0125_LIM-0124_0,L3,1.0,,,LIM-0125,LIM-0124,0,131.9598100394711,projected_lima_scenario,knn_inverse_distance_rate,mode_fallback
LIMA_P0_L4_LIM-0126_LIM-0127_0,LIMA_P0_L4_LIM-0126_LIM-0127_0,L4,0.0,,,LIM-0126,LIM-0127,0,125.72745302720628,projected_lima_scenario,knn_inverse_distance_rate,mode_fallback
LIMA_P0_TRANSFER_LIM-0126_LIM-0074_0,LIMA_P0_TRANSFER_LIM-0126_LIM-0074_0,TRANSFER,,,,LIM-0126,LIM-0074,0,123.86095820517727,projected_lima_scenario,transfer_walk_rule,rule_based_transfer
LIMA_P0_L4_LIM-0127_LIM-0126_0,LIMA_P0_L4_LIM-0127_LIM-0126_0,L4,1.0,,,LIM-0127,LIM-0126,0,125.72745302720628,projected_lima_scenario,knn_inverse_distance_rate,mode_fallback
LIMA_P0_L4_LIM-0127_LIM-0128_0,LIMA_P0_L4_LIM-0127_LIM-0128_0,L4,0.0,,,LIM-0127,LIM-0128,0,151.2489684712002,projected_lima_scenario,knn_inverse_distance_rate,mode_fallback
LIMA_P0_L4_LIM-0128_LIM-0127_0,LIMA_P0_L4_LIM-0128_LIM-0127_0,L4,1.0,,,LIM-0128,LIM-0127,0,151.2489684712002,projected_lima_scenario,knn_inverse_distance_rate,mode_fallback
LIMA_P0_L4_LIM-0128_LIM-0129_0,LIMA_P0_L4_LIM-0128_LIM-0129_0,L4,0.0,,,LIM-0128,LIM-0129,0,114.46304884066178,projected_lima_scenario,knn_inverse_distance_rate,mode_fallback
LIMA_P0_L4_LIM-0129_LIM-0128_0,LIMA_P0_L4_LIM-0129_LIM-0128_0,L4,1.0,,,LIM-0129,LIM-0128,0,114.46304884066178,projected_lima_scenario,knn_inverse_distance_rate,mode_fallback
LIMA_P0_L4_LIM-0129_LIM-0130_0,LIMA_P0_L4_LIM-0129_LIM-0130_0,L4,0.0,,,LIM-0129,LIM-0130,0,116.15793389673577,projected_lima_scenario,knn_inverse_distance_rate,mode_fallback
LIMA_P0_L4_LIM-0130_LIM-0129_0,LIMA_P0_L4_LIM-0130_LIM-0129_0,L4,1.0,,,LIM-0130,LIM-0129,0,116.15793389673577,projected_lima_scenario,knn_inverse_distance_rate,mode_fallback
LIMA_P0_L4_LIM-0130_LIM-0131_0,LIMA_P0_L4_LIM-0130_LIM-0131_0,L4,0.0,,,LIM-0130,LIM-0131,0,128.8251519449986,projected_lima_scenario,knn_inverse_distance_rate,mode_fallback
LIMA_P0_L4_LIM-0131_LIM-0130_0,LIMA_P0_L4_LIM-0131_LIM-0130_0,L4,1.0,,,LIM-0131,LIM-0130,0,128.8251519449986,projected_lima_scenario,knn_inverse_distance_rate,mode_fallback
LIMA_P0_L4_LIM-0131_LIM-0132_0,LIMA_P0_L4_LIM-0131_LIM-0132_0,L4,0.0,,,LIM-0131,LIM-0132,0,120.83506479578617,projected_lima_scenario,knn_inverse_distance_rate,mode_fallback
LIMA_P0_L4_LIM-0132_LIM-0131_0,LIMA_P0_L4_LIM-0132_LIM-0131_0,L4,1.0,,,LIM-0132,LIM-0131,0,120.83506479578617,projected_lima_scenario,knn_inverse_distance_rate,mode_fallback
LIMA_P0_L4_LIM-0132_LIM-0133_0,LIMA_P0_L4_LIM-0132_LIM-0133_0,L4,0.0,,,LIM-0132,LIM-0133,0,156.36906835409025,projected_lima_scenario,knn_inverse_distance_rate,mode_fallback
LIMA_P0_L4_LIM-0133_LIM-0132_0,LIMA_P0_L4_LIM-0133_LIM-0132_0,L4,1.0,,,LIM-0133,LIM-0132,0,156.36906835409025,projected_lima_scenario,knn_inverse_distance_rate,mode_fallback
LIMA_P0_L4_LIM-0133_LIM-0134_0,LIMA_P0_L4_LIM-0133_LIM-0134_0,L4,0.0,,,LIM-0133,LIM-0134,0,91.88061825878142,projected_lima_scenario,knn_inverse_distance_rate,mode_fallback
LIMA_P0_L4_LIM-0134_LIM-0133_0,LIMA_P0_L4_LIM-0134_LIM-0133_0,L4,1.0,,,LIM-0134,LIM-0133,0,91.88061825878142,projected_lima_scenario,knn_inverse_distance_rate,mode_fallback
LIMA_P0_L4_LIM-0134_LIM-0135_0,LIMA_P0_L4_LIM-0134_LIM-0135_0,L4,0.0,,,LIM-0134,LIM-0135,0,174.9634475233711,projected_lima_scenario,knn_inverse_distance_rate,mode_fallback
LIMA_P0_TRANSFER_LIM-0134_LIM-0057_0,LIMA_P0_TRANSFER_LIM-0134_LIM-0057_0,TRANSFER,,,,LIM-0134,LIM-0057,0,98.20998940591372,projected_lima_scenario,transfer_walk_rule,rule_based_transfer
LIMA_P0_L4_LIM-0135_LIM-0134_0,LIMA_P0_L4_LIM-0135_LIM-0134_0,L4,1.0,,,LIM-0135,LIM-0134,0,174.9634475233711,projected_lima_scenario,knn_inverse_distance_rate,mode_fallback
LIMA_P0_L4_LIM-0135_LIM-0136_0,LIMA_P0_L4_LIM-0135_LIM-0136_0,L4,0.0,,,LIM-0135,LIM-0136,0,85.61842307466966,projected_lima_scenario,knn_inverse_distance_rate,mode_fallback
LIMA_P0_L4_LIM-0136_LIM-0135_0,LIMA_P0_L4_LIM-0136_LIM-0135_0,L4,1.0,,,LIM-0136,LIM-0135,0,85.61842307466966,projected_lima_scenario,knn_inverse_distance_rate,mode_fallback
LIMA_P0_L4_LIM-0136_LIM-0137_0,LIMA_P0_L4_LIM-0136_LIM-0137_0,L4,0.0,,,LIM-0136,LIM-0137,0,114.25942272446282,projected_lima_scenario,knn_inverse_distance_rate,mode_fallback
LIMA_P0_TRANSFER_LIM-0136_LIM-0029_0,LIMA_P0_TRANSFER_LIM-0136_LIM-0029_0,TRANSFER,,,,LIM-0136,LIM-0029,0,200.6730355101915,projected_lima_scenario,transfer_walk_rule,rule_based_transfer
LIMA_P0_L4_LIM-0137_LIM-0136_0,LIMA_P0_L4_LIM-0137_LIM-0136_0,L4,1.0,,,LIM-0137,LIM-0136,0,114.25942272446282,projected_lima_scenario,knn_inverse_distance_rate,mode_fallback
LIMA_P0_L4_LIM-0137_LIM-0138_0,LIMA_P0_L4_LIM-0137_LIM-0138_0,L4,0.0,,,LIM-0137,LIM-0138,0,89.57878841469906,projected_lima_scenario,knn_inverse_distance_rate,mode_fallback
LIMA_P0_TRANSFER_LIM-0137_LIM-0109_0,LIMA_P0_TRANSFER_LIM-0137_LIM-0109_0,TRANSFER,,,,LIM-0137,LIM-0109,0,68.63044495636365,projected_lima_scenario,transfer_walk_rule,rule_based_transfer
LIMA_P0_L4_LIM-0138_LIM-0137_0,LIMA_P0_L4_LIM-0138_LIM-0137_0,L4,1.0,,,LIM-0138,LIM-0137,0,89.57878841469906,projected_lima_scenario,knn_inverse_distance_rate,mode_fallback
LIMA_P0_L4_LIM-0138_LIM-0139_0,LIMA_P0_L4_LIM-0138_LIM-0139_0,L4,0.0,,,LIM-0138,LIM-0139,0,121.89231991990168,projected_lima_scenario,knn_inverse_distance_rate,mode_fallback
LIMA_P0_L4_LIM-0139_LIM-0138_0,LIMA_P0_L4_LIM-0139_LIM-0138_0,L4,1.0,,,LIM-0139,LIM-0138,0,121.89231991990168,projected_lima_scenario,knn_inverse_distance_rate,mode_fallback
LIMA_P0_L4_LIM-0139_LIM-0140_0,LIMA_P0_L4_LIM-0139_LIM-0140_0,L4,0.0,,,LIM-0139,LIM-0140,0,84.23711948584912,projected_lima_scenario,knn_inverse_distance_rate,mode_fallback
LIMA_P0_L4_LIM-0140_LIM-0139_0,LIMA_P0_L4_LIM-0140_LIM-0139_0,L4,1.0,,,LIM-0140,LIM-0139,0,84.23711948584912,projected_lima_scenario,knn_inverse_distance_rate,mode_fallback
LIMA_P0_L4_LIM-0140_LIM-0141_0,LIMA_P0_L4_LIM-0140_LIM-0141_0,L4,0.0,,,LIM-0140,LIM-0141,0,109.55017639999882,projected_lima_scenario,knn_inverse_distance_rate,mode_fallback
LIMA_P0_L4_LIM-0141_LIM-0140_0,LIMA_P0_L4_LIM-0141_LIM-0140_0,L4,1.0,,,LIM-0141,LIM-0140,0,109.55017639999882,projected_lima_scenario,knn_inverse_distance_rate,mode_fallback
LIMA_P0_L4_LIM-0141_LIM-0142_0,LIMA_P0_L4_LIM-0141_LIM-0142_0,L4,0.0,,,LIM-0141,LIM-0142,0,79.04037537810237,projected_lima_scenario,knn_inverse_distance_rate,mode_fallback
LIMA_P0_L4_LIM-0142_LIM-0141_0,LIMA_P0_L4_LIM-0142_LIM-0141_0,L4,1.0,,,LIM-0142,LIM-0141,0,79.04037537810237,projected_lima_scenario,knn_inverse_distance_rate,mode_fallback
LIMA_P0_L4_LIM-0142_LIM-0143_0,LIMA_P0_L4_LIM-0142_LIM-0143_0,L4,0.0,,,LIM-0142,LIM-0143,0,120.07972269585794,projected_lima_scenario,knn_inverse_distance_rate,mode_fallback
LIMA_P0_L4_LIM-0143_LIM-0142_0,LIMA_P0_L4_LIM-0143_LIM-0142_0,L4,1.0,,,LIM-0143,LIM-0142,0,120.07972269585794,projected_lima_scenario,knn_inverse_distance_rate,mode_fallback
LIMA_P0_L4_LIM-0143_LIM-0144_0,LIMA_P0_L4_LIM-0143_LIM-0144_0,L4,0.0,,,LIM-0143,LIM-0144,0,130.40999861549733,projected_lima_scenario,knn_inverse_distance_rate,mode_fallback
LIMA_P0_TRANSFER_LIM-0143_LIM-0190_0,LIMA_P0_TRANSFER_LIM-0143_LIM-0190_0,TRANSFER,,,,LIM-0143,LIM-0190,0,114.96815657559728,projected_lima_scenario,transfer_walk_rule,rule_based_transfer
LIMA_P0_L4_LIM-0144_LIM-0143_0,LIMA_P0_L4_LIM-0144_LIM-0143_0,L4,1.0,,,LIM-0144,LIM-0143,0,130.40999861549733,projected_lima_scenario,knn_inverse_distance_rate,mode_fallback
LIMA_P0_L4_LIM-0144_LIM-0145_0,LIMA_P0_L4_LIM-0144_LIM-0145_0,L4,0.0,,,LIM-0144,LIM-0145,0,175.2107859699991,projected_lima_scenario,knn_inverse_distance_rate,mode_fallback
LIMA_P0_L4_LIM-0145_LIM-0144_0,LIMA_P0_L4_LIM-0145_LIM-0144_0,L4,1.0,,,LIM-0145,LIM-0144,0,175.2107859699991,projected_lima_scenario,knn_inverse_distance_rate,mode_fallback
LIMA_P0_L4_LIM-0145_LIM-0146_0,LIMA_P0_L4_LIM-0145_LIM-0146_0,L4,0.0,,,LIM-0145,LIM-0146,0,119.6767476469777,projected_lima_scenario,knn_inverse_distance_rate,mode_fallback
LIMA_P0_L4_LIM-0146_LIM-0145_0,LIMA_P0_L4_LIM-0146_LIM-0145_0,L4,1.0,,,LIM-0146,LIM-0145,0,119.6767476469777,projected_lima_scenario,knn_inverse_distance_rate,mode_fallback
LIMA_P0_L4_LIM-0146_LIM-0147_0,LIMA_P0_L4_LIM-0146_LIM-0147_0,L4,0.0,,,LIM-0146,LIM-0147,0,137.35474377582324,projected_lima_scenario,knn_inverse_distance_rate,mode_fallback
LIMA_P0_TRANSFER_LIM-0146_LIM-0093_0,LIMA_P0_TRANSFER_LIM-0146_LIM-0093_0,TRANSFER,,,,LIM-0146,LIM-0093,0,81.42128766126064,projected_lima_scenario,transfer_walk_rule,rule_based_transfer
LIMA_P0_L4_LIM-0147_LIM-0146_0,LIMA_P0_L4_LIM-0147_LIM-0146_0,L4,1.0,,,LIM-0147,LIM-0146,0,137.35474377582324,projected_lima_scenario,knn_inverse_distance_rate,mode_fallback
LIMA_P0_L4_LIM-0147_LIM-0148_0,LIMA_P0_L4_LIM-0147_LIM-0148_0,L4,0.0,,,LIM-0147,LIM-0148,0,79.77740749491306,projected_lima_scenario,knn_inverse_distance_rate,mode_fallback
LIMA_P0_L4_LIM-0148_LIM-0147_0,LIMA_P0_L4_LIM-0148_LIM-0147_0,L4,1.0,,,LIM-0148,LIM-0147,0,79.77740749491306,projected_lima_scenario,knn_inverse_distance_rate,mode_fallback
LIMA_P0_L4_LIM-0148_LIM-0149_0,LIMA_P0_L4_LIM-0148_LIM-0149_0,L4,0.0,,,LIM-0148,LIM-0149,0,113.74461904232606,projected_lima_scenario,knn_inverse_distance_rate,mode_fallback
LIMA_P0_L4_LIM-0149_LIM-0148_0,LIMA_P0_L4_LIM-0149_LIM-0148_0,L4,1.0,,,LIM-0149,LIM-0148,0,113.74461904232606,projected_lima_scenario,knn_inverse_distance_rate,mode_fallback
LIMA_P0_L4_LIM-0149_LIM-0150_0,LIMA_P0_L4_LIM-0149_LIM-0150_0,L4,0.0,,,LIM-0149,LIM-0150,0,91.8960840426633,projected_lima_scenario,knn_inverse_distance_rate,mode_fallback
LIMA_P0_L4_LIM-0150_LIM-0149_0,LIMA_P0_L4_LIM-0150_LIM-0149_0,L4,1.0,,,LIM-0150,LIM-0149,0,91.8960840426633,projected_lima_scenario,knn_inverse_distance_rate,mode_fallback
LIMA_P0_L4_LIM-0150_LIM-0151_0,LIMA_P0_L4_LIM-0150_LIM-0151_0,L4,0.0,,,LIM-0150,LIM-0151,0,120.56945104580093,projected_lima_scenario,knn_inverse_distance_rate,mode_fallback
LIMA_P0_TRANSFER_LIM-0150_LIM-0246_0,LIMA_P0_TRANSFER_LIM-0150_LIM-0246_0,TRANSFER,,,,LIM-0150,LIM-0246,0,144.7693554737328,projected_lima_scenario,transfer_walk_rule,rule_based_transfer
LIMA_P0_L4_LIM-0151_LIM-0150_0,LIMA_P0_L4_LIM-0151_LIM-0150_0,L4,1.0,,,LIM-0151,LIM-0150,0,120.56945104580093,projected_lima_scenario,knn_inverse_distance_rate,mode_fallback
LIMA_P0_L4_LIM-0151_LIM-0152_0,LIMA_P0_L4_LIM-0151_LIM-0152_0,L4,0.0,,,LIM-0151,LIM-0152,0,130.37288196607435,projected_lima_scenario,knn_inverse_distance_rate,mode_fallback
LIMA_P0_L4_LIM-0152_LIM-0151_0,LIMA_P0_L4_LIM-0152_LIM-0151_0,L4,1.0,,,LIM-0152,LIM-0151,0,130.37288196607435,projected_lima_scenario,knn_inverse_distance_rate,mode_fallback
LIMA_P0_L4_LIM-0152_LIM-0153_0,LIMA_P0_L4_LIM-0152_LIM-0153_0,L4,0.0,,,LIM-0152,LIM-0153,0,124.51719784195284,projected_lima_scenario,knn_inverse_distance_rate,mode_fallback
LIMA_P0_L4_LIM-0153_LIM-0152_0,LIMA_P0_L4_LIM-0153_LIM-0152_0,L4,1.0,,,LIM-0153,LIM-0152,0,124.51719784195284,projected_lima_scenario,knn_inverse_distance_rate,mode_fallback
LIMA_P0_TRANSFER_LIM-0153_LIM-0204_0,LIMA_P0_TRANSFER_LIM-0153_LIM-0204_0,TRANSFER,,,,LIM-0153,LIM-0204,0,116.55755810291176,projected_lima_scenario,transfer_walk_rule,rule_based_transfer
LIMA_P0_L5_LIM-0154_LIM-0155_0,LIMA_P0_L5_LIM-0154_LIM-0155_0,L5,0.0,,,LIM-0154,LIM-0155,0,127.43808376803281,projected_lima_scenario,knn_inverse_distance_rate,mode_fallback
LIMA_P0_L5_LIM-0155_LIM-0154_0,LIMA_P0_L5_LIM-0155_LIM-0154_0,L5,1.0,,,LIM-0155,LIM-0154,0,127.43808376803281,projected_lima_scenario,knn_inverse_distance_rate,mode_fallback
LIMA_P0_L5_LIM-0155_LIM-0156_0,LIMA_P0_L5_LIM-0155_LIM-0156_0,L5,0.0,,,LIM-0155,LIM-0156,0,130.5599858329441,projected_lima_scenario,knn_inverse_distance_rate,mode_fallback
LIMA_P0_L5_LIM-0156_LIM-0155_0,LIMA_P0_L5_LIM-0156_LIM-0155_0,L5,1.0,,,LIM-0156,LIM-0155,0,130.5599858329441,projected_lima_scenario,knn_inverse_distance_rate,mode_fallback
LIMA_P0_L5_LIM-0156_LIM-0157_0,LIMA_P0_L5_LIM-0156_LIM-0157_0,L5,0.0,,,LIM-0156,LIM-0157,0,123.53448039289081,projected_lima_scenario,knn_inverse_distance_rate,mode_fallback
LIMA_P0_L5_LIM-0157_LIM-0156_0,LIMA_P0_L5_LIM-0157_LIM-0156_0,L5,1.0,,,LIM-0157,LIM-0156,0,123.53448039289081,projected_lima_scenario,knn_inverse_distance_rate,mode_fallback
LIMA_P0_L5_LIM-0157_LIM-0158_0,LIMA_P0_L5_LIM-0157_LIM-0158_0,L5,0.0,,,LIM-0157,LIM-0158,0,138.80170927495675,projected_lima_scenario,knn_inverse_distance_rate,mode_fallback
LIMA_P0_L5_LIM-0158_LIM-0157_0,LIMA_P0_L5_LIM-0158_LIM-0157_0,L5,1.0,,,LIM-0158,LIM-0157,0,138.80170927495675,projected_lima_scenario,knn_inverse_distance_rate,mode_fallback
LIMA_P0_L5_LIM-0158_LIM-0159_0,LIMA_P0_L5_LIM-0158_LIM-0159_0,L5,0.0,,,LIM-0158,LIM-0159,0,154.49163512402342,projected_lima_scenario,knn_inverse_distance_rate,mode_fallback
LIMA_P0_L5_LIM-0159_LIM-0158_0,LIMA_P0_L5_LIM-0159_LIM-0158_0,L5,1.0,,,LIM-0159,LIM-0158,0,154.49163512402342,projected_lima_scenario,knn_inverse_distance_rate,mode_fallback
LIMA_P0_L5_LIM-0159_LIM-0160_0,LIMA_P0_L5_LIM-0159_LIM-0160_0,L5,0.0,,,LIM-0159,LIM-0160,0,117.15577225312242,projected_lima_scenario,knn_inverse_distance_rate,mode_fallback
LIMA_P0_L5_LIM-0160_LIM-0159_0,LIMA_P0_L5_LIM-0160_LIM-0159_0,L5,1.0,,,LIM-0160,LIM-0159,0,117.15577225312242,projected_lima_scenario,knn_inverse_distance_rate,mode_fallback
LIMA_P0_L5_LIM-0160_LIM-0161_0,LIMA_P0_L5_LIM-0160_LIM-0161_0,L5,0.0,,,LIM-0160,LIM-0161,0,106.61070873637289,projected_lima_scenario,knn_inverse_distance_rate,mode_fallback
LIMA_P0_L5_LIM-0161_LIM-0160_0,LIMA_P0_L5_LIM-0161_LIM-0160_0,L5,1.0,,,LIM-0161,LIM-0160,0,106.61070873637289,projected_lima_scenario,knn_inverse_distance_rate,mode_fallback
LIMA_P0_L5_LIM-0161_LIM-0162_0,LIMA_P0_L5_LIM-0161_LIM-0162_0,L5,0.0,,,LIM-0161,LIM-0162,0,129.71694979624027,projected_lima_scenario,knn_inverse_distance_rate,mode_fallback
LIMA_P0_L5_LIM-0162_LIM-0161_0,LIMA_P0_L5_LIM-0162_LIM-0161_0,L5,1.0,,,LIM-0162,LIM-0161,0,129.71694979624027,projected_lima_scenario,knn_inverse_distance_rate,mode_fallback
LIMA_P0_L5_LIM-0162_LIM-0163_0,LIMA_P0_L5_LIM-0162_LIM-0163_0,L5,0.0,,,LIM-0162,LIM-0163,0,96.84837975750679,projected_lima_scenario,knn_inverse_distance_rate,mode_fallback
LIMA_P0_L5_LIM-0163_LIM-0162_0,LIMA_P0_L5_LIM-0163_LIM-0162_0,L5,1.0,,,LIM-0163,LIM-0162,0,96.84837975750679,projected_lima_scenario,knn_inverse_distance_rate,mode_fallback
LIMA_P0_L5_LIM-0163_LIM-0164_0,LIMA_P0_L5_LIM-0163_LIM-0164_0,L5,0.0,,,LIM-0163,LIM-0164,0,101.20187078427993,projected_lima_scenario,knn_inverse_distance_rate,mode_fallback
LIMA_P0_L5_LIM-0164_LIM-0163_0,LIMA_P0_L5_LIM-0164_LIM-0163_0,L5,1.0,,,LIM-0164,LIM-0163,0,101.20187078427993,projected_lima_scenario,knn_inverse_distance_rate,mode_fallback
LIMA_P0_L5_LIM-0164_LIM-0165_0,LIMA_P0_L5_LIM-0164_LIM-0165_0,L5,0.0,,,LIM-0164,LIM-0165,0,115.89958115963172,projected_lima_scenario,knn_inverse_distance_rate,mode_fallback
LIMA_P0_TRANSFER_LIM-0164_LIM-0038_0,LIMA_P0_TRANSFER_LIM-0164_LIM-0038_0,TRANSFER,,,,LIM-0164,LIM-0038,0,96.8909657674715,projected_lima_scenario,transfer_walk_rule,rule_based_transfer
LIMA_P0_L5_LIM-0165_LIM-0164_0,LIMA_P0_L5_LIM-0165_LIM-0164_0,L5,1.0,,,LIM-0165,LIM-0164,0,115.89958115963172,projected_lima_scenario,knn_inverse_distance_rate,mode_fallback
LIMA_P0_L5_LIM-0165_LIM-0166_0,LIMA_P0_L5_LIM-0165_LIM-0166_0,L5,0.0,,,LIM-0165,LIM-0166,0,112.93271832508339,projected_lima_scenario,knn_inverse_distance_rate,mode_fallback
LIMA_P0_TRANSFER_LIM-0165_LIM-0037_0,LIMA_P0_TRANSFER_LIM-0165_LIM-0037_0,TRANSFER,,,,LIM-0165,LIM-0037,0,234.19078233937253,projected_lima_scenario,transfer_walk_rule,rule_based_transfer
LIMA_P0_L5_LIM-0166_LIM-0165_0,LIMA_P0_L5_LIM-0166_LIM-0165_0,L5,1.0,,,LIM-0166,LIM-0165,0,112.93271832508339,projected_lima_scenario,knn_inverse_distance_rate,mode_fallback
LIMA_P0_L5_LIM-0166_LIM-0167_0,LIMA_P0_L5_LIM-0166_LIM-0167_0,L5,0.0,,,LIM-0166,LIM-0167,0,148.89524560309647,projected_lima_scenario,knn_inverse_distance_rate,mode_fallback
LIMA_P0_TRANSFER_LIM-0166_LIM-0104_0,LIMA_P0_TRANSFER_LIM-0166_LIM-0104_0,TRANSFER,,,,LIM-0166,LIM-0104,0,73.33667732893538,projected_lima_scenario,transfer_walk_rule,rule_based_transfer
LIMA_P0_L5_LIM-0167_LIM-0166_0,LIMA_P0_L5_LIM-0167_LIM-0166_0,L5,1.0,,,LIM-0167,LIM-0166,0,148.89524560309647,projected_lima_scenario,knn_inverse_distance_rate,mode_fallback
LIMA_P0_L6_LIM-0168_LIM-0169_0,LIMA_P0_L6_LIM-0168_LIM-0169_0,L6,0.0,,,LIM-0168,LIM-0169,0,137.99696117855993,projected_lima_scenario,knn_inverse_distance_rate,mode_fallback
LIMA_P0_TRANSFER_LIM-0168_LIM-0238_0,LIMA_P0_TRANSFER_LIM-0168_LIM-0238_0,TRANSFER,,,,LIM-0168,LIM-0238,0,122.60689966343386,projected_lima_scenario,transfer_walk_rule,rule_based_transfer
LIMA_P0_L6_LIM-0169_LIM-0168_0,LIMA_P0_L6_LIM-0169_LIM-0168_0,L6,1.0,,,LIM-0169,LIM-0168,0,137.99696117855993,projected_lima_scenario,knn_inverse_distance_rate,mode_fallback
LIMA_P0_L6_LIM-0169_LIM-0170_0,LIMA_P0_L6_LIM-0169_LIM-0170_0,L6,0.0,,,LIM-0169,LIM-0170,0,111.14641442760694,projected_lima_scenario,knn_inverse_distance_rate,mode_fallback
LIMA_P0_L6_LIM-0170_LIM-0169_0,LIMA_P0_L6_LIM-0170_LIM-0169_0,L6,1.0,,,LIM-0170,LIM-0169,0,111.14641442760694,projected_lima_scenario,knn_inverse_distance_rate,mode_fallback
LIMA_P0_L6_LIM-0170_LIM-0171_0,LIMA_P0_L6_LIM-0170_LIM-0171_0,L6,0.0,,,LIM-0170,LIM-0171,0,128.62801288684997,projected_lima_scenario,knn_inverse_distance_rate,mode_fallback
LIMA_P0_L6_LIM-0171_LIM-0170_0,LIMA_P0_L6_LIM-0171_LIM-0170_0,L6,1.0,,,LIM-0171,LIM-0170,0,128.62801288684997,projected_lima_scenario,knn_inverse_distance_rate,mode_fallback
LIMA_P0_L6_LIM-0171_LIM-0172_0,LIMA_P0_L6_LIM-0171_LIM-0172_0,L6,0.0,,,LIM-0171,LIM-0172,0,189.52767169234997,projected_lima_scenario,knn_inverse_distance_rate,mode_fallback
LIMA_P0_TRANSFER_LIM-0171_LIM-0077_0,LIMA_P0_TRANSFER_LIM-0171_LIM-0077_0,TRANSFER,,,,LIM-0171,LIM-0077,0,137.14523982529434,projected_lima_scenario,transfer_walk_rule,rule_based_transfer
LIMA_P0_L6_LIM-0172_LIM-0171_0,LIMA_P0_L6_LIM-0172_LIM-0171_0,L6,1.0,,,LIM-0172,LIM-0171,0,189.52767169234997,projected_lima_scenario,knn_inverse_distance_rate,mode_fallback
LIMA_P0_L6_LIM-0172_LIM-0173_0,LIMA_P0_L6_LIM-0172_LIM-0173_0,L6,0.0,,,LIM-0172,LIM-0173,0,195.5508084440998,projected_lima_scenario,knn_inverse_distance_rate,mode_fallback
LIMA_P0_L6_LIM-0173_LIM-0172_0,LIMA_P0_L6_LIM-0173_LIM-0172_0,L6,1.0,,,LIM-0173,LIM-0172,0,195.5508084440998,projected_lima_scenario,knn_inverse_distance_rate,mode_fallback
LIMA_P0_L6_LIM-0173_LIM-0174_0,LIMA_P0_L6_LIM-0173_LIM-0174_0,L6,0.0,,,LIM-0173,LIM-0174,0,154.10077744097975,projected_lima_scenario,knn_inverse_distance_rate,mode_fallback
LIMA_P0_L6_LIM-0174_LIM-0173_0,LIMA_P0_L6_LIM-0174_LIM-0173_0,L6,1.0,,,LIM-0174,LIM-0173,0,154.10077744097975,projected_lima_scenario,knn_inverse_distance_rate,mode_fallback
LIMA_P0_L6_LIM-0174_LIM-0175_0,LIMA_P0_L6_LIM-0174_LIM-0175_0,L6,0.0,,,LIM-0174,LIM-0175,0,102.20338825695626,projected_lima_scenario,knn_inverse_distance_rate,mode_fallback
LIMA_P0_L6_LIM-0175_LIM-0174_0,LIMA_P0_L6_LIM-0175_LIM-0174_0,L6,1.0,,,LIM-0175,LIM-0174,0,102.20338825695626,projected_lima_scenario,knn_inverse_distance_rate,mode_fallback
LIMA_P0_L6_LIM-0175_LIM-0176_0,LIMA_P0_L6_LIM-0175_LIM-0176_0,L6,0.0,,,LIM-0175,LIM-0176,0,148.58014051151775,projected_lima_scenario,knn_inverse_distance_rate,mode_fallback
LIMA_P0_L6_LIM-0176_LIM-0175_0,LIMA_P0_L6_LIM-0176_LIM-0175_0,L6,1.0,,,LIM-0176,LIM-0175,0,148.58014051151775,projected_lima_scenario,knn_inverse_distance_rate,mode_fallback
LIMA_P0_L6_LIM-0176_LIM-0177_0,LIMA_P0_L6_LIM-0176_LIM-0177_0,L6,0.0,,,LIM-0176,LIM-0177,0,97.50341926318275,projected_lima_scenario,knn_inverse_distance_rate,mode_fallback
LIMA_P0_L6_LIM-0177_LIM-0176_0,LIMA_P0_L6_LIM-0177_LIM-0176_0,L6,1.0,,,LIM-0177,LIM-0176,0,97.50341926318275,projected_lima_scenario,knn_inverse_distance_rate,mode_fallback
LIMA_P0_L6_LIM-0177_LIM-0178_0,LIMA_P0_L6_LIM-0177_LIM-0178_0,L6,0.0,,,LIM-0177,LIM-0178,0,94.90812832530422,projected_lima_scenario,knn_inverse_distance_rate,mode_fallback
LIMA_P0_L6_LIM-0178_LIM-0177_0,LIMA_P0_L6_LIM-0178_LIM-0177_0,L6,1.0,,,LIM-0178,LIM-0177,0,94.90812832530422,projected_lima_scenario,knn_inverse_distance_rate,mode_fallback
LIMA_P0_L6_LIM-0178_LIM-0179_0,LIMA_P0_L6_LIM-0178_LIM-0179_0,L6,0.0,,,LIM-0178,LIM-0179,0,120.06257697565503,projected_lima_scenario,knn_inverse_distance_rate,mode_fallback
LIMA_P0_L6_LIM-0179_LIM-0178_0,LIMA_P0_L6_LIM-0179_LIM-0178_0,L6,1.0,,,LIM-0179,LIM-0178,0,120.06257697565503,projected_lima_scenario,knn_inverse_distance_rate,mode_fallback
LIMA_P0_L6_LIM-0179_LIM-0180_0,LIMA_P0_L6_LIM-0179_LIM-0180_0,L6,0.0,,,LIM-0179,LIM-0180,0,82.07838425413455,projected_lima_scenario,knn_inverse_distance_rate,mode_fallback
LIMA_P0_L6_LIM-0180_LIM-0179_0,LIMA_P0_L6_LIM-0180_LIM-0179_0,L6,1.0,,,LIM-0180,LIM-0179,0,82.07838425413455,projected_lima_scenario,knn_inverse_distance_rate,mode_fallback
LIMA_P0_L6_LIM-0180_LIM-0181_0,LIMA_P0_L6_LIM-0180_LIM-0181_0,L6,0.0,,,LIM-0180,LIM-0181,0,119.09382933221156,projected_lima_scenario,knn_inverse_distance_rate,mode_fallback
LIMA_P0_TRANSFER_LIM-0180_LIM-0055_0,LIMA_P0_TRANSFER_LIM-0180_LIM-0055_0,TRANSFER,,,,LIM-0180,LIM-0055,0,106.7512869228112,projected_lima_scenario,transfer_walk_rule,rule_based_transfer
LIMA_P0_L6_LIM-0181_LIM-0180_0,LIMA_P0_L6_LIM-0181_LIM-0180_0,L6,1.0,,,LIM-0181,LIM-0180,0,119.09382933221156,projected_lima_scenario,knn_inverse_distance_rate,mode_fallback
LIMA_P0_L6_LIM-0181_LIM-0182_0,LIMA_P0_L6_LIM-0181_LIM-0182_0,L6,0.0,,,LIM-0181,LIM-0182,0,139.2161041001952,projected_lima_scenario,knn_inverse_distance_rate,mode_fallback
LIMA_P0_L6_LIM-0182_LIM-0181_0,LIMA_P0_L6_LIM-0182_LIM-0181_0,L6,1.0,,,LIM-0182,LIM-0181,0,139.2161041001952,projected_lima_scenario,knn_inverse_distance_rate,mode_fallback
LIMA_P0_L6_LIM-0182_LIM-0183_0,LIMA_P0_L6_LIM-0182_LIM-0183_0,L6,0.0,,,LIM-0182,LIM-0183,0,87.78994702628862,projected_lima_scenario,knn_inverse_distance_rate,mode_fallback
LIMA_P0_TRANSFER_LIM-0182_LIM-0033_0,LIMA_P0_TRANSFER_LIM-0182_LIM-0033_0,TRANSFER,,,,LIM-0182,LIM-0033,0,151.55153797448833,projected_lima_scenario,transfer_walk_rule,rule_based_transfer
LIMA_P0_L6_LIM-0183_LIM-0182_0,LIMA_P0_L6_LIM-0183_LIM-0182_0,L6,1.0,,,LIM-0183,LIM-0182,0,87.78994702628862,projected_lima_scenario,knn_inverse_distance_rate,mode_fallback
LIMA_P0_L6_LIM-0183_LIM-0184_0,LIMA_P0_L6_LIM-0183_LIM-0184_0,L6,0.0,,,LIM-0183,LIM-0184,0,82.35488307212692,projected_lima_scenario,knn_inverse_distance_rate,mode_fallback
LIMA_P0_L6_LIM-0184_LIM-0183_0,LIMA_P0_L6_LIM-0184_LIM-0183_0,L6,1.0,,,LIM-0184,LIM-0183,0,82.35488307212692,projected_lima_scenario,knn_inverse_distance_rate,mode_fallback
LIMA_P0_L6_LIM-0184_LIM-0185_0,LIMA_P0_L6_LIM-0184_LIM-0185_0,L6,0.0,,,LIM-0184,LIM-0185,0,128.23617844668541,projected_lima_scenario,knn_inverse_distance_rate,mode_fallback
LIMA_P0_L6_LIM-0185_LIM-0184_0,LIMA_P0_L6_LIM-0185_LIM-0184_0,L6,1.0,,,LIM-0185,LIM-0184,0,128.23617844668541,projected_lima_scenario,knn_inverse_distance_rate,mode_fallback
LIMA_P0_L6_LIM-0185_LIM-0186_0,LIMA_P0_L6_LIM-0185_LIM-0186_0,L6,0.0,,,LIM-0185,LIM-0186,0,94.42587646284399,projected_lima_scenario,knn_inverse_distance_rate,mode_fallback
LIMA_P0_L6_LIM-0186_LIM-0185_0,LIMA_P0_L6_LIM-0186_LIM-0185_0,L6,1.0,,,LIM-0186,LIM-0185,0,94.42587646284399,projected_lima_scenario,knn_inverse_distance_rate,mode_fallback
LIMA_P0_L6_LIM-0186_LIM-0187_0,LIMA_P0_L6_LIM-0186_LIM-0187_0,L6,0.0,,,LIM-0186,LIM-0187,0,289.28656315088807,projected_lima_scenario,knn_inverse_distance_rate,mode_fallback
LIMA_P0_L6_LIM-0187_LIM-0186_0,LIMA_P0_L6_LIM-0187_LIM-0186_0,L6,1.0,,,LIM-0187,LIM-0186,0,289.28656315088807,projected_lima_scenario,knn_inverse_distance_rate,mode_fallback
LIMA_P0_L6_LIM-0187_LIM-0188_0,LIMA_P0_L6_LIM-0187_LIM-0188_0,L6,0.0,,,LIM-0187,LIM-0188,0,143.4844662932067,projected_lima_scenario,knn_inverse_distance_rate,mode_fallback
LIMA_P0_L6_LIM-0188_LIM-0187_0,LIMA_P0_L6_LIM-0188_LIM-0187_0,L6,1.0,,,LIM-0188,LIM-0187,0,143.4844662932067,projected_lima_scenario,knn_inverse_distance_rate,mode_fallback
LIMA_P0_L6_LIM-0188_LIM-0189_0,LIMA_P0_L6_LIM-0188_LIM-0189_0,L6,0.0,,,LIM-0188,LIM-0189,0,116.08190988421372,projected_lima_scenario,knn_inverse_distance_rate,mode_fallback
LIMA_P0_L6_LIM-0189_LIM-0188_0,LIMA_P0_L6_LIM-0189_LIM-0188_0,L6,1.0,,,LIM-0189,LIM-0188,0,116.08190988421372,projected_lima_scenario,knn_inverse_distance_rate,mode_fallback
LIMA_P0_L6_LIM-0189_LIM-0190_0,LIMA_P0_L6_LIM-0189_LIM-0190_0,L6,0.0,,,LIM-0189,LIM-0190,0,120.43494449386142,projected_lima_scenario,knn_inverse_distance_rate,mode_fallback
LIMA_P0_L6_LIM-0190_LIM-0189_0,LIMA_P0_L6_LIM-0190_LIM-0189_0,L6,1.0,,,LIM-0190,LIM-0189,0,120.43494449386142,projected_lima_scenario,knn_inverse_distance_rate,mode_fallback
LIMA_P0_L6_LIM-0190_LIM-0191_0,LIMA_P0_L6_LIM-0190_LIM-0191_0,L6,0.0,,,LIM-0190,LIM-0191,0,117.39705008285846,projected_lima_scenario,knn_inverse_distance_rate,mode_fallback
LIMA_P0_TRANSFER_LIM-0190_LIM-0143_0,LIMA_P0_TRANSFER_LIM-0190_LIM-0143_0,TRANSFER,,,,LIM-0190,LIM-0143,0,114.96815657559728,projected_lima_scenario,transfer_walk_rule,rule_based_transfer
LIMA_P0_L6_LIM-0191_LIM-0190_0,LIMA_P0_L6_LIM-0191_LIM-0190_0,L6,1.0,,,LIM-0191,LIM-0190,0,117.39705008285846,projected_lima_scenario,knn_inverse_distance_rate,mode_fallback
LIMA_P0_L6_LIM-0191_LIM-0192_0,LIMA_P0_L6_LIM-0191_LIM-0192_0,L6,0.0,,,LIM-0191,LIM-0192,0,148.3834946326723,projected_lima_scenario,knn_inverse_distance_rate,mode_fallback
LIMA_P0_L6_LIM-0192_LIM-0191_0,LIMA_P0_L6_LIM-0192_LIM-0191_0,L6,1.0,,,LIM-0192,LIM-0191,0,148.3834946326723,projected_lima_scenario,knn_inverse_distance_rate,mode_fallback
LIMA_P0_L6_LIM-0192_LIM-0193_0,LIMA_P0_L6_LIM-0192_LIM-0193_0,L6,0.0,,,LIM-0192,LIM-0193,0,124.52346928789878,projected_lima_scenario,knn_inverse_distance_rate,mode_fallback
LIMA_P0_TRANSFER_LIM-0192_LIM-0091_0,LIMA_P0_TRANSFER_LIM-0192_LIM-0091_0,TRANSFER,,,,LIM-0192,LIM-0091,0,113.87653357740062,projected_lima_scenario,transfer_walk_rule,rule_based_transfer
LIMA_P0_L6_LIM-0193_LIM-0192_0,LIMA_P0_L6_LIM-0193_LIM-0192_0,L6,1.0,,,LIM-0193,LIM-0192,0,124.52346928789878,projected_lima_scenario,knn_inverse_distance_rate,mode_fallback
LIMA_P0_L6_LIM-0193_LIM-0194_0,LIMA_P0_L6_LIM-0193_LIM-0194_0,L6,0.0,,,LIM-0193,LIM-0194,0,107.75568078357264,projected_lima_scenario,knn_inverse_distance_rate,mode_fallback
LIMA_P0_L6_LIM-0194_LIM-0193_0,LIMA_P0_L6_LIM-0194_LIM-0193_0,L6,1.0,,,LIM-0194,LIM-0193,0,107.75568078357264,projected_lima_scenario,knn_inverse_distance_rate,mode_fallback
LIMA_P0_L6_LIM-0194_LIM-0195_0,LIMA_P0_L6_LIM-0194_LIM-0195_0,L6,0.0,,,LIM-0194,LIM-0195,0,82.68609735033554,projected_lima_scenario,knn_inverse_distance_rate,mode_fallback
LIMA_P0_L6_LIM-0195_LIM-0194_0,LIMA_P0_L6_LIM-0195_LIM-0194_0,L6,1.0,,,LIM-0195,LIM-0194,0,82.68609735033554,projected_lima_scenario,knn_inverse_distance_rate,mode_fallback
LIMA_P0_L6_LIM-0195_LIM-0196_0,LIMA_P0_L6_LIM-0195_LIM-0196_0,L6,0.0,,,LIM-0195,LIM-0196,0,93.03024326508522,projected_lima_scenario,knn_inverse_distance_rate,mode_fallback
LIMA_P0_L6_LIM-0196_LIM-0195_0,LIMA_P0_L6_LIM-0196_LIM-0195_0,L6,1.0,,,LIM-0196,LIM-0195,0,93.03024326508522,projected_lima_scenario,knn_inverse_distance_rate,mode_fallback
LIMA_P0_L6_LIM-0196_LIM-0197_0,LIMA_P0_L6_LIM-0196_LIM-0197_0,L6,0.0,,,LIM-0196,LIM-0197,0,93.37211728018491,projected_lima_scenario,knn_inverse_distance_rate,mode_fallback
LIMA_P0_L6_LIM-0197_LIM-0196_0,LIMA_P0_L6_LIM-0197_LIM-0196_0,L6,1.0,,,LIM-0197,LIM-0196,0,93.37211728018491,projected_lima_scenario,knn_inverse_distance_rate,mode_fallback
LIMA_P0_L6_LIM-0197_LIM-0198_0,LIMA_P0_L6_LIM-0197_LIM-0198_0,L6,0.0,,,LIM-0197,LIM-0198,0,74.02362523554312,projected_lima_scenario,knn_inverse_distance_rate,mode_fallback
LIMA_P0_TRANSFER_LIM-0197_LIM-0243_0,LIMA_P0_TRANSFER_LIM-0197_LIM-0243_0,TRANSFER,,,,LIM-0197,LIM-0243,0,90.40182399357366,projected_lima_scenario,transfer_walk_rule,rule_based_transfer
LIMA_P0_L6_LIM-0198_LIM-0197_0,LIMA_P0_L6_LIM-0198_LIM-0197_0,L6,1.0,,,LIM-0198,LIM-0197,0,74.02362523554312,projected_lima_scenario,knn_inverse_distance_rate,mode_fallback
LIMA_P0_L6_LIM-0198_LIM-0199_0,LIMA_P0_L6_LIM-0198_LIM-0199_0,L6,0.0,,,LIM-0198,LIM-0199,0,124.47867513789377,projected_lima_scenario,knn_inverse_distance_rate,mode_fallback
LIMA_P0_L6_LIM-0199_LIM-0198_0,LIMA_P0_L6_LIM-0199_LIM-0198_0,L6,1.0,,,LIM-0199,LIM-0198,0,124.47867513789377,projected_lima_scenario,knn_inverse_distance_rate,mode_fallback
LIMA_P0_L6_LIM-0199_LIM-0200_0,LIMA_P0_L6_LIM-0199_LIM-0200_0,L6,0.0,,,LIM-0199,LIM-0200,0,118.8517967710353,projected_lima_scenario,knn_inverse_distance_rate,mode_fallback
LIMA_P0_L6_LIM-0200_LIM-0199_0,LIMA_P0_L6_LIM-0200_LIM-0199_0,L6,1.0,,,LIM-0200,LIM-0199,0,118.8517967710353,projected_lima_scenario,knn_inverse_distance_rate,mode_fallback
LIMA_P0_L6_LIM-0200_LIM-0201_0,LIMA_P0_L6_LIM-0200_LIM-0201_0,L6,0.0,,,LIM-0200,LIM-0201,0,126.55673298918293,projected_lima_scenario,knn_inverse_distance_rate,mode_fallback
LIMA_P0_L6_LIM-0201_LIM-0200_0,LIMA_P0_L6_LIM-0201_LIM-0200_0,L6,1.0,,,LIM-0201,LIM-0200,0,126.55673298918293,projected_lima_scenario,knn_inverse_distance_rate,mode_fallback
LIMA_P0_L6_LIM-0201_LIM-0202_0,LIMA_P0_L6_LIM-0201_LIM-0202_0,L6,0.0,,,LIM-0201,LIM-0202,0,221.96046666861432,projected_lima_scenario,knn_inverse_distance_rate,mode_fallback
LIMA_P0_L6_LIM-0202_LIM-0201_0,LIMA_P0_L6_LIM-0202_LIM-0201_0,L6,1.0,,,LIM-0202,LIM-0201,0,221.96046666861432,projected_lima_scenario,knn_inverse_distance_rate,mode_fallback
LIMA_P0_L6_LIM-0202_LIM-0203_0,LIMA_P0_L6_LIM-0202_LIM-0203_0,L6,0.0,,,LIM-0202,LIM-0203,0,175.95498345542842,projected_lima_scenario,knn_inverse_distance_rate,mode_fallback
LIMA_P0_L6_LIM-0203_LIM-0202_0,LIMA_P0_L6_LIM-0203_LIM-0202_0,L6,1.0,,,LIM-0203,LIM-0202,0,175.95498345542842,projected_lima_scenario,knn_inverse_distance_rate,mode_fallback
LIMA_P0_L7_LIM-0204_LIM-0205_0,LIMA_P0_L7_LIM-0204_LIM-0205_0,L7,0.0,,,LIM-0204,LIM-0205,0,100.03060009690732,projected_lima_scenario,knn_inverse_distance_rate,mode_fallback
LIMA_P0_TRANSFER_LIM-0204_LIM-0153_0,LIMA_P0_TRANSFER_LIM-0204_LIM-0153_0,TRANSFER,,,,LIM-0204,LIM-0153,0,116.55755810291176,projected_lima_scenario,transfer_walk_rule,rule_based_transfer
LIMA_P0_L7_LIM-0205_LIM-0204_0,LIMA_P0_L7_LIM-0205_LIM-0204_0,L7,1.0,,,LIM-0205,LIM-0204,0,100.03060009690732,projected_lima_scenario,knn_inverse_distance_rate,mode_fallback
LIMA_P0_L7_LIM-0205_LIM-0206_0,LIMA_P0_L7_LIM-0205_LIM-0206_0,L7,0.0,,,LIM-0205,LIM-0206,0,73.52707704995197,projected_lima_scenario,knn_inverse_distance_rate,mode_fallback
LIMA_P0_L7_LIM-0206_LIM-0205_0,LIMA_P0_L7_LIM-0206_LIM-0205_0,L7,1.0,,,LIM-0206,LIM-0205,0,73.52707704995197,projected_lima_scenario,knn_inverse_distance_rate,mode_fallback
LIMA_P0_L7_LIM-0206_LIM-0207_0,LIMA_P0_L7_LIM-0206_LIM-0207_0,L7,0.0,,,LIM-0206,LIM-0207,0,79.54324662819165,projected_lima_scenario,knn_inverse_distance_rate,mode_fallback
LIMA_P0_L7_LIM-0207_LIM-0206_0,LIMA_P0_L7_LIM-0207_LIM-0206_0,L7,1.0,,,LIM-0207,LIM-0206,0,79.54324662819165,projected_lima_scenario,knn_inverse_distance_rate,mode_fallback
LIMA_P0_L7_LIM-0207_LIM-0208_0,LIMA_P0_L7_LIM-0207_LIM-0208_0,L7,0.0,,,LIM-0207,LIM-0208,0,79.85472197097823,projected_lima_scenario,knn_inverse_distance_rate,mode_fallback
LIMA_P0_L7_LIM-0208_LIM-0207_0,LIMA_P0_L7_LIM-0208_LIM-0207_0,L7,1.0,,,LIM-0208,LIM-0207,0,79.85472197097823,projected_lima_scenario,knn_inverse_distance_rate,mode_fallback
LIMA_P0_L7_LIM-0208_LIM-0209_0,LIMA_P0_L7_LIM-0208_LIM-0209_0,L7,0.0,,,LIM-0208,LIM-0209,0,111.1254540716126,projected_lima_scenario,knn_inverse_distance_rate,mode_fallback
LIMA_P0_L7_LIM-0209_LIM-0208_0,LIMA_P0_L7_LIM-0209_LIM-0208_0,L7,1.0,,,LIM-0209,LIM-0208,0,111.1254540716126,projected_lima_scenario,knn_inverse_distance_rate,mode_fallback
LIMA_P0_L7_LIM-0209_LIM-0210_0,LIMA_P0_L7_LIM-0209_LIM-0210_0,L7,0.0,,,LIM-0209,LIM-0210,0,103.70900667162061,projected_lima_scenario,knn_inverse_distance_rate,mode_fallback
LIMA_P0_L7_LIM-0210_LIM-0209_0,LIMA_P0_L7_LIM-0210_LIM-0209_0,L7,1.0,,,LIM-0210,LIM-0209,0,103.70900667162061,projected_lima_scenario,knn_inverse_distance_rate,mode_fallback
LIMA_P0_L7_LIM-0210_LIM-0211_0,LIMA_P0_L7_LIM-0210_LIM-0211_0,L7,0.0,,,LIM-0210,LIM-0211,0,120.53553386781395,projected_lima_scenario,knn_inverse_distance_rate,mode_fallback
LIMA_P0_L7_LIM-0211_LIM-0210_0,LIMA_P0_L7_LIM-0211_LIM-0210_0,L7,1.0,,,LIM-0211,LIM-0210,0,120.53553386781395,projected_lima_scenario,knn_inverse_distance_rate,mode_fallback
LIMA_P0_L7_LIM-0211_LIM-0212_0,LIMA_P0_L7_LIM-0211_LIM-0212_0,L7,0.0,,,LIM-0211,LIM-0212,0,113.22240258669406,projected_lima_scenario,knn_inverse_distance_rate,mode_fallback
LIMA_P0_L7_LIM-0212_LIM-0211_0,LIMA_P0_L7_LIM-0212_LIM-0211_0,L7,1.0,,,LIM-0212,LIM-0211,0,113.22240258669406,projected_lima_scenario,knn_inverse_distance_rate,mode_fallback
LIMA_P0_L7_LIM-0212_LIM-0213_0,LIMA_P0_L7_LIM-0212_LIM-0213_0,L7,0.0,,,LIM-0212,LIM-0213,0,111.19192101602545,projected_lima_scenario,knn_inverse_distance_rate,mode_fallback
LIMA_P0_L7_LIM-0213_LIM-0212_0,LIMA_P0_L7_LIM-0213_LIM-0212_0,L7,1.0,,,LIM-0213,LIM-0212,0,111.19192101602545,projected_lima_scenario,knn_inverse_distance_rate,mode_fallback
LIMA_P0_L7_LIM-0213_LIM-0214_0,LIMA_P0_L7_LIM-0213_LIM-0214_0,L7,0.0,,,LIM-0213,LIM-0214,0,136.68193226628145,projected_lima_scenario,knn_inverse_distance_rate,mode_fallback
LIMA_P0_L7_LIM-0214_LIM-0213_0,LIMA_P0_L7_LIM-0214_LIM-0213_0,L7,1.0,,,LIM-0214,LIM-0213,0,136.68193226628145,projected_lima_scenario,knn_inverse_distance_rate,mode_fallback
LIMA_P0_L7_LIM-0214_LIM-0215_0,LIMA_P0_L7_LIM-0214_LIM-0215_0,L7,0.0,,,LIM-0214,LIM-0215,0,147.30216576174647,projected_lima_scenario,knn_inverse_distance_rate,mode_fallback
LIMA_P0_L7_LIM-0215_LIM-0214_0,LIMA_P0_L7_LIM-0215_LIM-0214_0,L7,1.0,,,LIM-0215,LIM-0214,0,147.30216576174647,projected_lima_scenario,knn_inverse_distance_rate,mode_fallback
LIMA_P0_L7_LIM-0215_LIM-0216_0,LIMA_P0_L7_LIM-0215_LIM-0216_0,L7,0.0,,,LIM-0215,LIM-0216,0,120.48742380772175,projected_lima_scenario,knn_inverse_distance_rate,mode_fallback
LIMA_P0_L7_LIM-0216_LIM-0215_0,LIMA_P0_L7_LIM-0216_LIM-0215_0,L7,1.0,,,LIM-0216,LIM-0215,0,120.48742380772175,projected_lima_scenario,knn_inverse_distance_rate,mode_fallback
LIMA_P0_L7_LIM-0216_LIM-0217_0,LIMA_P0_L7_LIM-0216_LIM-0217_0,L7,0.0,,,LIM-0216,LIM-0217,0,114.00386772951563,projected_lima_scenario,knn_inverse_distance_rate,mode_fallback
LIMA_P0_L7_LIM-0217_LIM-0216_0,LIMA_P0_L7_LIM-0217_LIM-0216_0,L7,1.0,,,LIM-0217,LIM-0216,0,114.00386772951563,projected_lima_scenario,knn_inverse_distance_rate,mode_fallback
LIMA_P0_L7_LIM-0217_LIM-0218_0,LIMA_P0_L7_LIM-0217_LIM-0218_0,L7,0.0,,,LIM-0217,LIM-0218,0,121.29796485441734,projected_lima_scenario,knn_inverse_distance_rate,mode_fallback
LIMA_P0_L7_LIM-0218_LIM-0217_0,LIMA_P0_L7_LIM-0218_LIM-0217_0,L7,1.0,,,LIM-0218,LIM-0217,0,121.29796485441734,projected_lima_scenario,knn_inverse_distance_rate,mode_fallback
LIMA_P0_L7_LIM-0218_LIM-0219_0,LIMA_P0_L7_LIM-0218_LIM-0219_0,L7,0.0,,,LIM-0218,LIM-0219,0,127.4731404971608,projected_lima_scenario,knn_inverse_distance_rate,mode_fallback
LIMA_P0_L7_LIM-0219_LIM-0218_0,LIMA_P0_L7_LIM-0219_LIM-0218_0,L7,1.0,,,LIM-0219,LIM-0218,0,127.4731404971608,projected_lima_scenario,knn_inverse_distance_rate,mode_fallback
LIMA_P0_L7_LIM-0219_LIM-0220_0,LIMA_P0_L7_LIM-0219_LIM-0220_0,L7,0.0,,,LIM-0219,LIM-0220,0,132.00647768224528,projected_lima_scenario,knn_inverse_distance_rate,mode_fallback
LIMA_P0_L7_LIM-0220_LIM-0219_0,LIMA_P0_L7_LIM-0220_LIM-0219_0,L7,1.0,,,LIM-0220,LIM-0219,0,132.00647768224528,projected_lima_scenario,knn_inverse_distance_rate,mode_fallback
LIMA_P0_L7_LIM-0220_LIM-0221_0,LIMA_P0_L7_LIM-0220_LIM-0221_0,L7,0.0,,,LIM-0220,LIM-0221,0,137.77773197339164,projected_lima_scenario,knn_inverse_distance_rate,mode_fallback
LIMA_P0_L7_LIM-0221_LIM-0220_0,LIMA_P0_L7_LIM-0221_LIM-0220_0,L7,1.0,,,LIM-0221,LIM-0220,0,137.77773197339164,projected_lima_scenario,knn_inverse_distance_rate,mode_fallback
LIMA_P0_L7_LIM-0221_LIM-0222_0,LIMA_P0_L7_LIM-0221_LIM-0222_0,L7,0.0,,,LIM-0221,LIM-0222,0,138.57712607415888,projected_lima_scenario,knn_inverse_distance_rate,mode_fallback
LIMA_P0_L7_LIM-0222_LIM-0221_0,LIMA_P0_L7_LIM-0222_LIM-0221_0,L7,1.0,,,LIM-0222,LIM-0221,0,138.57712607415888,projected_lima_scenario,knn_inverse_distance_rate,mode_fallback
LIMA_P0_L7_LIM-0222_LIM-0223_0,LIMA_P0_L7_LIM-0222_LIM-0223_0,L7,0.0,,,LIM-0222,LIM-0223,0,151.97791799556697,projected_lima_scenario,knn_inverse_distance_rate,mode_fallback
LIMA_P0_L7_LIM-0223_LIM-0222_0,LIMA_P0_L7_LIM-0223_LIM-0222_0,L7,1.0,,,LIM-0223,LIM-0222,0,151.97791799556697,projected_lima_scenario,knn_inverse_distance_rate,mode_fallback
LIMA_P0_L7_LIM-0223_LIM-0224_0,LIMA_P0_L7_LIM-0223_LIM-0224_0,L7,0.0,,,LIM-0223,LIM-0224,0,173.83318839099138,projected_lima_scenario,knn_inverse_distance_rate,mode_fallback
LIMA_P0_L7_LIM-0224_LIM-0223_0,LIMA_P0_L7_LIM-0224_LIM-0223_0,L7,1.0,,,LIM-0224,LIM-0223,0,173.83318839099138,projected_lima_scenario,knn_inverse_distance_rate,mode_fallback
LIMA_P0_L7_LIM-0224_LIM-0225_0,LIMA_P0_L7_LIM-0224_LIM-0225_0,L7,0.0,,,LIM-0224,LIM-0225,0,287.44676304493305,projected_lima_scenario,knn_inverse_distance_rate,mode_fallback
LIMA_P0_L7_LIM-0225_LIM-0224_0,LIMA_P0_L7_LIM-0225_LIM-0224_0,L7,1.0,,,LIM-0225,LIM-0224,0,287.44676304493305,projected_lima_scenario,knn_inverse_distance_rate,mode_fallback
LIMA_P0_L7_LIM-0225_LIM-0226_0,LIMA_P0_L7_LIM-0225_LIM-0226_0,L7,0.0,,,LIM-0225,LIM-0226,0,198.75934419248526,projected_lima_scenario,knn_inverse_distance_rate,mode_fallback
LIMA_P0_L7_LIM-0226_LIM-0225_0,LIMA_P0_L7_LIM-0226_LIM-0225_0,L7,1.0,,,LIM-0226,LIM-0225,0,198.75934419248526,projected_lima_scenario,knn_inverse_distance_rate,mode_fallback
LIMA_P0_L7_LIM-0226_LIM-0227_0,LIMA_P0_L7_LIM-0226_LIM-0227_0,L7,0.0,,,LIM-0226,LIM-0227,0,136.24262018741382,projected_lima_scenario,knn_inverse_distance_rate,mode_fallback
LIMA_P0_L7_LIM-0227_LIM-0226_0,LIMA_P0_L7_LIM-0227_LIM-0226_0,L7,1.0,,,LIM-0227,LIM-0226,0,136.24262018741382,projected_lima_scenario,knn_inverse_distance_rate,mode_fallback
LIMA_P0_L8_LIM-0228_LIM-0229_0,LIMA_P0_L8_LIM-0228_LIM-0229_0,L8,0.0,,,LIM-0228,LIM-0229,0,94.65718058909916,projected_lima_scenario,knn_inverse_distance_rate,mode_fallback
LIMA_P0_TRANSFER_LIM-0228_LIM-0025_0,LIMA_P0_TRANSFER_LIM-0228_LIM-0025_0,TRANSFER,,,,LIM-0228,LIM-0025,0,149.43037534097766,projected_lima_scenario,transfer_walk_rule,rule_based_transfer
LIMA_P0_TRANSFER_LIM-0228_LIM-0085_0,LIMA_P0_TRANSFER_LIM-0228_LIM-0085_0,TRANSFER,,,,LIM-0228,LIM-0085,0,215.4440918623672,projected_lima_scenario,transfer_walk_rule,rule_based_transfer
LIMA_P0_L8_LIM-0229_LIM-0228_0,LIMA_P0_L8_LIM-0229_LIM-0228_0,L8,1.0,,,LIM-0229,LIM-0228,0,94.65718058909916,projected_lima_scenario,knn_inverse_distance_rate,mode_fallback
LIMA_P0_L8_LIM-0229_LIM-0230_0,LIMA_P0_L8_LIM-0229_LIM-0230_0,L8,0.0,,,LIM-0229,LIM-0230,0,87.07083149147333,projected_lima_scenario,knn_inverse_distance_rate,mode_fallback
LIMA_P0_L8_LIM-0230_LIM-0229_0,LIMA_P0_L8_LIM-0230_LIM-0229_0,L8,1.0,,,LIM-0230,LIM-0229,0,87.07083149147333,projected_lima_scenario,knn_inverse_distance_rate,mode_fallback
LIMA_P0_L8_LIM-0230_LIM-0231_0,LIMA_P0_L8_LIM-0230_LIM-0231_0,L8,0.0,,,LIM-0230,LIM-0231,0,108.51455588620843,projected_lima_scenario,knn_inverse_distance_rate,mode_fallback
LIMA_P0_L8_LIM-0231_LIM-0230_0,LIMA_P0_L8_LIM-0231_LIM-0230_0,L8,1.0,,,LIM-0231,LIM-0230,0,108.51455588620843,projected_lima_scenario,knn_inverse_distance_rate,mode_fallback
LIMA_P0_L8_LIM-0231_LIM-0232_0,LIMA_P0_L8_LIM-0231_LIM-0232_0,L8,0.0,,,LIM-0231,LIM-0232,0,112.33245502786586,projected_lima_scenario,knn_inverse_distance_rate,mode_fallback
LIMA_P0_L8_LIM-0232_LIM-0231_0,LIMA_P0_L8_LIM-0232_LIM-0231_0,L8,1.0,,,LIM-0232,LIM-0231,0,112.33245502786586,projected_lima_scenario,knn_inverse_distance_rate,mode_fallback
LIMA_P0_L8_LIM-0232_LIM-0233_0,LIMA_P0_L8_LIM-0232_LIM-0233_0,L8,0.0,,,LIM-0232,LIM-0233,0,120.04641916116553,projected_lima_scenario,knn_inverse_distance_rate,mode_fallback
LIMA_P0_TRANSFER_LIM-0232_LIM-0239_0,LIMA_P0_TRANSFER_LIM-0232_LIM-0239_0,TRANSFER,,,,LIM-0232,LIM-0239,0,100.41942876175699,projected_lima_scenario,transfer_walk_rule,rule_based_transfer
LIMA_P0_L8_LIM-0233_LIM-0232_0,LIMA_P0_L8_LIM-0233_LIM-0232_0,L8,1.0,,,LIM-0233,LIM-0232,0,120.04641916116553,projected_lima_scenario,knn_inverse_distance_rate,mode_fallback
LIMA_P0_L8_LIM-0233_LIM-0234_0,LIMA_P0_L8_LIM-0233_LIM-0234_0,L8,0.0,,,LIM-0233,LIM-0234,0,85.60395049218393,projected_lima_scenario,knn_inverse_distance_rate,mode_fallback
LIMA_P0_L8_LIM-0234_LIM-0233_0,LIMA_P0_L8_LIM-0234_LIM-0233_0,L8,1.0,,,LIM-0234,LIM-0233,0,85.60395049218393,projected_lima_scenario,knn_inverse_distance_rate,mode_fallback
LIMA_P0_L8_LIM-0234_LIM-0235_0,LIMA_P0_L8_LIM-0234_LIM-0235_0,L8,0.0,,,LIM-0234,LIM-0235,0,125.99215660118786,projected_lima_scenario,knn_inverse_distance_rate,mode_fallback
LIMA_P0_TRANSFER_LIM-0234_LIM-0063_0,LIMA_P0_TRANSFER_LIM-0234_LIM-0063_0,TRANSFER,,,,LIM-0234,LIM-0063,0,86.06579299062675,projected_lima_scenario,transfer_walk_rule,rule_based_transfer
LIMA_P0_L8_LIM-0235_LIM-0234_0,LIMA_P0_L8_LIM-0235_LIM-0234_0,L8,1.0,,,LIM-0235,LIM-0234,0,125.99215660118786,projected_lima_scenario,knn_inverse_distance_rate,mode_fallback
LIMA_P0_L8_LIM-0235_LIM-0236_0,LIMA_P0_L8_LIM-0235_LIM-0236_0,L8,0.0,,,LIM-0235,LIM-0236,0,123.8957631742638,projected_lima_scenario,knn_inverse_distance_rate,mode_fallback
LIMA_P0_L8_LIM-0236_LIM-0235_0,LIMA_P0_L8_LIM-0236_LIM-0235_0,L8,1.0,,,LIM-0236,LIM-0235,0,123.8957631742638,projected_lima_scenario,knn_inverse_distance_rate,mode_fallback
LIMA_P0_L8_LIM-0236_LIM-0237_0,LIMA_P0_L8_LIM-0236_LIM-0237_0,L8,0.0,,,LIM-0236,LIM-0237,0,117.16379611935876,projected_lima_scenario,knn_inverse_distance_rate,mode_fallback
LIMA_P0_L8_LIM-0237_LIM-0236_0,LIMA_P0_L8_LIM-0237_LIM-0236_0,L8,1.0,,,LIM-0237,LIM-0236,0,117.16379611935876,projected_lima_scenario,knn_inverse_distance_rate,mode_fallback
LIMA_P0_L8_LIM-0237_LIM-0238_0,LIMA_P0_L8_LIM-0237_LIM-0238_0,L8,0.0,,,LIM-0237,LIM-0238,0,141.0103872210009,projected_lima_scenario,knn_inverse_distance_rate,mode_fallback
LIMA_P0_L8_LIM-0238_LIM-0237_0,LIMA_P0_L8_LIM-0238_LIM-0237_0,L8,1.0,,,LIM-0238,LIM-0237,0,141.0103872210009,projected_lima_scenario,knn_inverse_distance_rate,mode_fallback
LIMA_P0_TRANSFER_LIM-0238_LIM-0168_0,LIMA_P0_TRANSFER_LIM-0238_LIM-0168_0,TRANSFER,,,,LIM-0238,LIM-0168,0,122.60689966343386,projected_lima_scenario,transfer_walk_rule,rule_based_transfer
LIMA_P0_L9_LIM-0239_LIM-0240_0,LIMA_P0_L9_LIM-0239_LIM-0240_0,L9,0.0,,,LIM-0239,LIM-0240,0,143.5146833449071,projected_lima_scenario,knn_inverse_distance_rate,mode_fallback
LIMA_P0_TRANSFER_LIM-0239_LIM-0232_0,LIMA_P0_TRANSFER_LIM-0239_LIM-0232_0,TRANSFER,,,,LIM-0239,LIM-0232,0,100.41942876175699,projected_lima_scenario,transfer_walk_rule,rule_based_transfer
LIMA_P0_L9_LIM-0240_LIM-0239_0,LIMA_P0_L9_LIM-0240_LIM-0239_0,L9,1.0,,,LIM-0240,LIM-0239,0,143.5146833449071,projected_lima_scenario,knn_inverse_distance_rate,mode_fallback
LIMA_P0_L9_LIM-0240_LIM-0241_0,LIMA_P0_L9_LIM-0240_LIM-0241_0,L9,0.0,,,LIM-0240,LIM-0241,0,182.5064972780955,projected_lima_scenario,knn_inverse_distance_rate,mode_fallback
LIMA_P0_L9_LIM-0241_LIM-0240_0,LIMA_P0_L9_LIM-0241_LIM-0240_0,L9,1.0,,,LIM-0241,LIM-0240,0,182.5064972780955,projected_lima_scenario,knn_inverse_distance_rate,mode_fallback
LIMA_P0_L9_LIM-0241_LIM-0242_0,LIMA_P0_L9_LIM-0241_LIM-0242_0,L9,0.0,,,LIM-0241,LIM-0242,0,135.22601447485144,projected_lima_scenario,knn_inverse_distance_rate,mode_fallback
LIMA_P0_TRANSFER_LIM-0241_LIM-0014_0,LIMA_P0_TRANSFER_LIM-0241_LIM-0014_0,TRANSFER,,,,LIM-0241,LIM-0014,0,200.29182084184194,projected_lima_scenario,transfer_walk_rule,rule_based_transfer
LIMA_P0_L9_LIM-0242_LIM-0241_0,LIMA_P0_L9_LIM-0242_LIM-0241_0,L9,1.0,,,LIM-0242,LIM-0241,0,135.22601447485144,projected_lima_scenario,knn_inverse_distance_rate,mode_fallback
LIMA_P0_L9_LIM-0242_LIM-0243_0,LIMA_P0_L9_LIM-0242_LIM-0243_0,L9,0.0,,,LIM-0242,LIM-0243,0,177.93076386773765,projected_lima_scenario,knn_inverse_distance_rate,mode_fallback
LIMA_P0_TRANSFER_LIM-0242_LIM-0119_0,LIMA_P0_TRANSFER_LIM-0242_LIM-0119_0,TRANSFER,,,,LIM-0242,LIM-0119,0,175.9967943373599,projected_lima_scenario,transfer_walk_rule,rule_based_transfer
LIMA_P0_L9_LIM-0243_LIM-0242_0,LIMA_P0_L9_LIM-0243_LIM-0242_0,L9,1.0,,,LIM-0243,LIM-0242,0,177.93076386773765,projected_lima_scenario,knn_inverse_distance_rate,mode_fallback
LIMA_P0_L9_LIM-0243_LIM-0244_0,LIMA_P0_L9_LIM-0243_LIM-0244_0,L9,0.0,,,LIM-0243,LIM-0244,0,112.83903747363516,projected_lima_scenario,knn_inverse_distance_rate,mode_fallback
LIMA_P0_TRANSFER_LIM-0243_LIM-0197_0,LIMA_P0_TRANSFER_LIM-0243_LIM-0197_0,TRANSFER,,,,LIM-0243,LIM-0197,0,90.40182399357366,projected_lima_scenario,transfer_walk_rule,rule_based_transfer
LIMA_P0_L9_LIM-0244_LIM-0243_0,LIMA_P0_L9_LIM-0244_LIM-0243_0,L9,1.0,,,LIM-0244,LIM-0243,0,112.83903747363516,projected_lima_scenario,knn_inverse_distance_rate,mode_fallback
LIMA_P0_L9_LIM-0244_LIM-0245_0,LIMA_P0_L9_LIM-0244_LIM-0245_0,L9,0.0,,,LIM-0244,LIM-0245,0,210.57357426680787,projected_lima_scenario,knn_inverse_distance_rate,mode_fallback
LIMA_P0_L9_LIM-0245_LIM-0244_0,LIMA_P0_L9_LIM-0245_LIM-0244_0,L9,1.0,,,LIM-0245,LIM-0244,0,210.57357426680787,projected_lima_scenario,knn_inverse_distance_rate,mode_fallback
LIMA_P0_L9_LIM-0245_LIM-0246_0,LIMA_P0_L9_LIM-0245_LIM-0246_0,L9,0.0,,,LIM-0245,LIM-0246,0,136.69621483006168,projected_lima_scenario,knn_inverse_distance_rate,mode_fallback
LIMA_P0_L9_LIM-0246_LIM-0245_0,LIMA_P0_L9_LIM-0246_LIM-0245_0,L9,1.0,,,LIM-0246,LIM-0245,0,136.69621483006168,projected_lima_scenario,knn_inverse_distance_rate,mode_fallback
LIMA_P0_L9_LIM-0246_LIM-0247_0,LIMA_P0_L9_LIM-0246_LIM-0247_0,L9,0.0,,,LIM-0246,LIM-0247,0,215.58820116976423,projected_lima_scenario,knn_inverse_distance_rate,mode_fallback
LIMA_P0_TRANSFER_LIM-0246_LIM-0150_0,LIMA_P0_TRANSFER_LIM-0246_LIM-0150_0,TRANSFER,,,,LIM-0246,LIM-0150,0,144.7693554737328,projected_lima_scenario,transfer_walk_rule,rule_based_transfer
LIMA_P0_L9_LIM-0247_LIM-0246_0,LIMA_P0_L9_LIM-0247_LIM-0246_0,L9,1.0,,,LIM-0247,LIM-0246,0,215.58820116976423,projected_lima_scenario,knn_inverse_distance_rate,mode_fallback
LIMA_P0_L9_LIM-0247_LIM-0248_0,LIMA_P0_L9_LIM-0247_LIM-0248_0,L9,0.0,,,LIM-0247,LIM-0248,0,93.19515451385007,projected_lima_scenario,knn_inverse_distance_rate,mode_fallback
LIMA_P0_L9_LIM-0248_LIM-0247_0,LIMA_P0_L9_LIM-0248_LIM-0247_0,L9,1.0,,,LIM-0248,LIM-0247,0,93.19515451385007,projected_lima_scenario,knn_inverse_distance_rate,mode_fallback
LIMA_P0_L9_LIM-0248_LIM-0249_0,LIMA_P0_L9_LIM-0248_LIM-0249_0,L9,0.0,,,LIM-0248,LIM-0249,0,124.80537137711977,projected_lima_scenario,knn_inverse_distance_rate,mode_fallback
LIMA_P0_L9_LIM-0249_LIM-0248_0,LIMA_P0_L9_LIM-0249_LIM-0248_0,L9,1.0,,,LIM-0249,LIM-0248,0,124.80537137711977,projected_lima_scenario,knn_inverse_distance_rate,mode_fallback
LIMA_P0_L9_LIM-0249_LIM-0250_0,LIMA_P0_L9_LIM-0249_LIM-0250_0,L9,0.0,,,LIM-0249,LIM-0250,0,99.97773571112117,projected_lima_scenario,knn_inverse_distance_rate,mode_fallback
LIMA_P0_TRANSFER_LIM-0249_LIM-0095_0,LIMA_P0_TRANSFER_LIM-0249_LIM-0095_0,TRANSFER,,,,LIM-0249,LIM-0095,0,115.64529721591035,projected_lima_scenario,transfer_walk_rule,rule_based_transfer
LIMA_P0_L9_LIM-0250_LIM-0249_0,LIMA_P0_L9_LIM-0250_LIM-0249_0,L9,1.0,,,LIM-0250,LIM-0249,0,99.97773571112117,projected_lima_scenario,knn_inverse_distance_rate,mode_fallback
LIMA_P0_L9_LIM-0250_LIM-0251_0,LIMA_P0_L9_LIM-0250_LIM-0251_0,L9,0.0,,,LIM-0250,LIM-0251,0,132.39756191988576,projected_lima_scenario,knn_inverse_distance_rate,mode_fallback
LIMA_P0_L9_LIM-0251_LIM-0250_0,LIMA_P0_L9_LIM-0251_LIM-0250_0,L9,1.0,,,LIM-0251,LIM-0250,0,132.39756191988576,projected_lima_scenario,knn_inverse_distance_rate,mode_fallback
LIMA_P0_L9_LIM-0251_LIM-0252_0,LIMA_P0_L9_LIM-0251_LIM-0252_0,L9,0.0,,,LIM-0251,LIM-0252,0,130.13134740023526,projected_lima_scenario,knn_inverse_distance_rate,mode_fallback
LIMA_P0_L9_LIM-0252_LIM-0251_0,LIMA_P0_L9_LIM-0252_LIM-0251_0,L9,1.0,,,LIM-0252,LIM-0251,0,130.13134740023526,projected_lima_scenario,knn_inverse_distance_rate,mode_fallback
